OLD NAME,"NEW NAME (""NA"" to Delete)",COMMENT
ABELL,ABELL C,
ABENSOR M,ABENSOUR M,
ABOY CARLES G,ABOYCARLES G,
ABRAM,ABRAM D,
ABRAMS DE ERIKA,ABRAMS E,
ABROMHEIT JOHN,ABROMEIT J,
ATT<UMACRON>S NASRADDN,ADDIN N,
ADELGUNDIS JAEGERSCHMID OSBADELGUNDIS,ADELGUNDISJAEGERSCHMID O,
ADOMO THEODOR W,ADORNO T,
ADORNO,ADORNO T,
AGAMBEN,AGAMBEN G,
LITURGY AGAMBENS,AGAMBEN G,
AGIS VILLAVERDE MARCELINO,AGISVILLAVERDE M,
AGUILERA VITA S,AGUILERAVITA S,
AGUILERA VITA SERGIO,AGUILERAVITA S,
AGUIRRE-GARCIA JC,AGUIRREGARCIA J,
AHUMADA CRISTI M,AHUMADACRISTI M,
AIMOLA DAVIES A M,AIMOLADAVIES A,
ALAIN,ALAIN E,
AL BAQLI RUZBIHAN,ALBAQLI R,
ALBERTRAZZI L,ALBERTAZZI L,
ALCOFF,ALCOFF L,
ALCOFFLM,ALCOFF L,
ALDERSON-DAY B,ALDERSONDAY B,
BEN ALDERSONDAY,ALDERSONDAY B,
ALES BELLO A,ALESBELLO A,
ALES BELLO ANGELA,ALESBELLO A,
ALESBELLO A,ALESBELLO A,
ALLES BELLO A,ALESBELLO A,
BELLO A,ALESBELLO A,
BELLO A A,ALESBELLO A,
BELLO A ALES,ALESBELLO A,
BELLO AA,ALESBELLO A,
BELLO ALES,ALESBELLO A,
BELLO ANGELA ALES,ALESBELLO A,
ALEXADNER W,ALEXANDER W,
ALGHAZALI,ALGHAZALI A,
DANTE,ALIGHIERI D,
DANTE ALIGHIERI,ALIGHIERI D,
ALLMAN MJ,ALLMAN J,
ALMOND,ALMOND P,
AI-SAJI A,ALSAJI A,
AL-SAJI A,ALSAJI A,
ALSTON P,ALSTON W,
ALTEZ-ALBELA FR,ALTEZALBELA F,
BIAGI M L ALTIERI,ALTIERIBIAGI M,
ALVAREZ GOMEZ M,ALVAREZGOMEZ M,
ALVAREZ RAMIREZ WILLIAM,ALVAREZRAMIREZ W,
AMES,AMES R,
ANKERSMIT,ANKERSMIT F,
ANSCOMB GM,ANSCOMBE E,
ANSCOMBE G,ANSCOMBE E,
ANSCOMBE G E M,ANSCOMBE E,
ANSCOMBE GEM,ANSCOMBE E,
ANSELL PEARSON K,ANSELLPEARSON K,
ANSELL PEARSON KEITH,ANSELLPEARSON K,
ANSELL-PEARSON K,ANSELLPEARSON K,
ANSELM CANTERBU,ANSELM,
ANSELM CANTERBURY,ANSELM,
ANZALDUAS GLORIA,ANZALDUA G,
APPIAH A,APPIAH K,
AQINAS T,AQUINAS,
AQUIN T,AQUINAS,
AQUINAS ST THOMAS,AQUINAS,
AQUINAS T,AQUINAS,
AQUINAS THOMAS,AQUINAS,
AQUINO T,AQUINAS,
AQUINO TOMAS DE,AQUINAS,
DE AQUINO JEF,AQUINAS,
DE AQUINO S TOMAS,AQUINAS,
DE AQUINO SANTO TOMAS,AQUINAS,
DE AQUINO TOMAS,AQUINAS,
ARBELEZ CARDONA TERESA,ARBELEZCARDONA T,
ARBIB,ARBIB D,
ARENDT,ARENDT H,
ARENDT K,ARENDT H,
ARENDT KHANNA,ARENDT H,
ARENDTOVA H,ARENDT H,
ARENDTOVA HANNAH,ARENDT H,
ARENDTOVE HANNAH,ARENDT H,
ARENT H,ARENDT H,
HANNAH ARENDT,ARENDT H,
ARGUELLES-FERNANDEZ G,ARGUELLESFERNANDEZ G,
ARISTOLE,ARISTOTLE,
ARISTOTE,ARISTOTLE,
ARISTOTEL,ARISTOTLE,
ARISTOTELE,ARISTOTLE,
ARISTOTELES,ARISTOTLE,
ARISTOTELES M,ARISTOTLE,
ARISTOTELIS,ARISTOTLE,
ARISTOTLE  SACHS J,ARISTOTLE,
ARITSOTEL,ARISTOTLE,
DE ARISTOTLE,ARISTOTLE,
METAPHYSICS ARISTOTLES,ARISTOTLE,
ROWE,ARISTOTLE,A translation of Aristotle
ARMSTRONG,ARMSTRONG D,
ARNAULD,ARNAULD A,
ARRIAGA RODRIGUEZ J C,ARRIAGARODRIGUEZ J,
ARSTILA,ARSTILA V,
ASHBY W R,ASHBY R,
ASHWORTH JR WILLIAM B,ASHWORTH W,
JAN ASSMANN,ASSMAN J,
ALEIDA,ASSMANN A,
ALEIDA ASSMANN,ASSMANN A,
ASSMANN VGL JAN,ASSMANN J,
ATTERTON,ATTERTON P,
AUDOIN ROUZEAU STEPHANE,AUDOINROUZEAU S,
AGUSTIN,AUGUSTINE,
AGUSTIN DE HIPONA SAN,AUGUSTINE,
AUGUSTIN,AUGUSTINE,
AUGUSTIN S,AUGUSTINE,
AUGUSTINE GULYANITSKY,AUGUSTINE,
AUGUSTINE HIPPO,AUGUSTINE,
AUGUSTINE SAINT,AUGUSTINE,
AUGUSTINE ST,AUGUSTINE,
AUGUSTINUS,AUGUSTINE,
AUGUSTINUS AURELIUS,AUGUSTINE,
AVGUSTIN,AUGUSTINE,
AVGUSTIN BLAZHENNY,AUGUSTINE,
CONFESSIONS A,AUGUSTINE,
DE HIPONA AGUSTIN,AUGUSTINE,
DEAUGUSTIN SAINT,AUGUSTINE,
HIPONA A DE,AUGUSTINE,
HIPONA AGUSTIN DE,AUGUSTINE,
AUSTIN,AUSTIN J,
AUSTIN LJ,AUSTIN J,
AVE LALLEMANT E,AVELALLEMANT E,
AVENI,AVENI A,
AVICENA,AVICENNA,
IBN SINA,AVICENNA,
AYDEDE,AYDEDE M,
MICHAEL AYERS,AYERS M,
BA ALBAKI ROHI,BAALBAKI R,
BABETTE B,BABICH B,
BACHEALRD G,BACHELARD G,
BACHDARD,BACHELARD S,
BACHELARD,BACHELARD S,"I checked the paper and it's S, not G"
BACHELARS S,BACHELARD S,
LOGIQUES MONDES,BADIOU A,
JEAN BADIOU A,BADIOU A,
BEN BAGDIKIAN,BAGDIKIAN B,
BACHTIN DS,BAKHTIN M,Checked references. All to Bakhtin
BACHTIN M,BAKHTIN M,Checked references. All to Bakhtin
BACHTIN MICHAEL,BAKHTIN M,Checked references. All to Bakhtin
BACHTIN MICHAIL M,BAKHTIN M,Checked references. All to Bakhtin
BACHTIN MM,BAKHTIN M,Checked references. All to Bakhtin
BAHTIN MIHAIL,BAKHTIN M,
BALDWIN,BALDWIN T,
BALLARD,BALLARD E,Checked paper
BALTZER-JARAY K,BALTZERJARAY K,
BANCHETTIROBINO,BANCHETTIROBINO M,
BARBA-KAY A,BARBAKAY A,
BARABARAS R,BARBARAS R,
BARBARAS,BARBARAS R,
BARBARAUS R,BARBARAS R,
BARBARRAS R,BARBARAS R,
DI D BARBIERI,BARBIERI D,
BARBOSA MARTINEZ O E,BARBOSAMARTINEZ O,
BAROHCOHEN S,BARONCOHEN S,
BARON COHEN SIMON,BARONCOHEN S,
BARONCOHEN HTS,BARONCOHEN S,
BARRETT,BARRETT J,
BARRY,BARRY K,
BARTHELEMYMADAUM,BARTHELEMYMADAULE M,
BARTHES BR,BARTHES R,
BARTHES POZRI R,BARTHES R,
BARTLEY III W W,BARTLEY W,
BASEHEART CM,BASEHEART M,
BATSON,BATSON C,
BATTAN HORENSTEIN A,BATTANHORENSTEIN A,
BATTAN HORENSTEIN ARIELA,BATTANHORENSTEIN A,
BAUCHS B,BAUCH B,
ERSTE PREISAUFGABE DER KANTGESELLSCHAFT,Bauch B,
BEAUCHEMP TL,BEAUCHAMP T,
BEAUFRET VJ,BEAUFRET J,
BEAUME JC,BEAUNE J,
BECKMANN B,BECKMANNZOLLER B,
BECKMANN BEATE,BECKMANNZOLLER B,
BECKMANN-ZOLLER B,BECKMANNZOLLER B,
BEIERWALTES,BEIERWALTES W,
BEISER,BEISER F,
BELLAH,BELLAH R,
BELYI A,BELY A,
BELYI ANDREI,BELY A,
BENACCRRAF P,BENACERRAF P,
BENARY,BENARY W,
BEN BARZILLAI R JUDAH,BENBARZILLAI J,
BENEDICT POPE,BENEDICT XVI,
BENEDICT XVI,BENEDICT XVI,
BENEDICT XVI POPE,BENEDICT XVI,
BENJAMIN,BENJAMIN W,
BODLER BENJAMIN W SHARL,BENJAMIN W,
BENOIST,BENOIST J,
BEN PAZI H,BENPAZI H,
BEN ZEEEV A,BENZEEV A,
BENZEV A,BENZEEV A,
BERDIAEV N,BERDYAEV N,
BERGSON,BERGSON H,
BERGSON A,BERGSON H,
EVOLUTION CREATRICE,BERGSON H,Bergson's book
BERKOVICH-OHANA A,BERKOVICHOHANA A,
BERNERSLEE,BERNERSLEE T,
BERNET,BERNET R,
BERNET CF R,BERNET R,
BERNETS R,BERNET R,
RUDOLF BERNET,BERNET R,
BERNSTEIN,BERNSTEIN J,
ENRICO BERTI,BERTI E,
BESSMEL'TSEVA O,BESSMELTSEVA O,
BHABHA J,BHABHA H,
BHATTACHARYYA,BHATTACHARYA K,
BHATTACHARYYA K,BHATTACHARYA K,
BHATTACHARYYA KC,BHATTACHARYA K,
BHATTACHARYYA V,BHATTACHARYA V,
BIASUTII F,BIASUTTI F,
BIBIHIN VV,BIBIKHIN V,
BIEMEL,BIEMEL W,
BIEMEL M,BIEMEL W,
BIEMEL MANY,BIEMEL W,
BIEMEL MARLY,BIEMEL W,
BIEMEL MARTY,BIEMEL W,
BIEMEL MW,BIEMEL W,
BIFFI I,BIFFT I,
BIJSTERVELD A,BIJSTERVELD K,
BINGGELL S,BINGGELI S,
BINSVANGER L,BINSWANGER L,
BIRD-POLLAN S,BIRDPOLLAN S,
BJORNSSONS GUNNAR,BJORNSSON G,
BALCKBOURN D,BLACKBOURN D,
BALCKBURN S,BLACKBURN S,
BLACJBURN S,BLACKBURN S,
BLANCO FERNANDEZ DOMINGO,BLANCOFERNANDEZ D,
BLANKENBURG,BLANKENBURG W,
BLASCHEK-HAHNOVA H,BLASCHEKHANOVA H,
BLAUSTEIN,BLAUSTEIN L,
BLECHA L,BLECHA I,
BLONSKII,BLONSKII P,
BLUMENBERG,BLUMENBERG H,
BLUMENBERG D,BLUMENBERG H,
BLUMENBERG J,BLUMENBERG H,
BLUMENBERG REZENSION VON H,BLUMENBERG H,
BOBONICH,BOBONICH C,
BOCCACCINBI F,BOCCACCINI F,
BOCKENFORDE W,BOCKENFORDE E,
BODEA OC,BODEA C,
BHIKKHU B,BODHI B,
BOGHOSSIAN F,BOGHOSSIAN P,
ASTHETIK GERNOT BOHME,BÖHME G,
BOHME,BOHME J,checked paper
BOLLNOW LOGIK OTTO FRIEDRICH,BOLLNOW O,
BOLLNOW R,BOLLNOW O,
BOLNOW F O,BOLNOW O,
BOLTANSKI,BOLTANSKI L,
BOLZANO,BOLZANO B,
BONAVENTURA,BONAVENTURE,
BONAVENTURE ST,BONAVENTURE,
BONECKAJA HK,BONECKAJA N,
BONHOEFFER,BONHOEFFER D,
BONHOEFFERS,BONHOEFFER D,
BONITO OLIVA A,BONITOOLIVA A,
BONITO OLIVA R,BONITOOLIVA A,
BONNEVAL,BONNEFOY Y,checked paper
BOGNAR,BOORSE C,checked paper
BOTZ BORNSTEIN T,BOTZBORNSTEIN T,
BOURBAKI,BOURBAKI N,
BOURDIEUR P,BOURDIEU P,
BOURGEOIS,BOURGEOIS B,
BOURGET,BOURGET D,
BOYCE GIBSON W R,BOYCEGIBSON W,
BOYCE WRB,BOYCEGIBSON W,
BOZZR P,BOZZI P,
BRADDONMITCHEL D,BRADDONMITCHELL D,
BRADLEY,BRADLEY,couldnt find reference
BEN BRADLEY,BRADLEY B,
BRAIG K,BRAIG C,
BENBRAMBLE,BRAMBLE B,
BRANBD G,BRAND G,
BRANDOM,BRANDOM R,
BRANDT,BRANDT F,checked paper
BREER R,BREEUR R,
BREEUR ZR,BREEUR R,
BREHIER,BREHIER E,
BREMONDS HENRI,BREMOND H,
BRENTANO,BRENTANO F,
BRENTANO E,BRENTANO F,
BRETANO F,BRENTANO F,
FRANZ,BRENTANO F,
FRANZ BRENTANO,BRENTANO F,
BREUN,BREUN R,Checked paper
BREWER,BREWER B,
DOUGLAS BRICK,BRICK D,
BRINKMAN KLAUS,BRINKMANN K,
BRINNIN M,BRINNIN J,
BROCKER OLTMANNS K,BROCKEROLTMANNS K,
BARNETT BROUGH JOHN,BROUGH J,
BRUNETR,BRUNET R,
BRUNSCHVICG,BRUNSCHVICG L,
BRUNSCHVIGG L,BRUNSCHVICG L,
BRUZINA,BRUZINA R,
I THOU,BUBER M,
BUBNER,BUBNER R,
BUENO-GOMEZ N,BUENOGOMEZ N,
BURBIDGE,BURBIDGE J,
BURCH,BURCH N,Checked paper
BURNHAM,BURNHAM J,checked paper
BUSH,BUSH L,checked paper
BUTLER,BUTLER J,
BUTLERS JUDITH,BUTLER J,
JUDITH BUTLER,"BUTLER, J",
BUYITENDIJK F J J,BUYTENDIJK F,
BUYTENDIJK DE F J J,BUYTENDIJK F,
BUYTENDIJK JFJ,BUYTENDIJK F,
BUYTENDIJKS FJJ,BUYTENDIJK F,
BYRNE,BYRNE A,
BYRNES A,BYRNE A,checked paper
CACHO VIU V,CACHOVIU V,
CAHALAN,CAHALAN J,
CAHN R,CAHN B,
CAILLE,CAILLE A,
MARIA CALCATERRA ROSA,CALCATERRA M,
CLAVINO ITALO,CALVINO I,
CAMPBELL,CAMPBELL J,checked paper
ALBERT CAMUS,CAMUS A,
CAMUS,CAMUS A,
CANGUILHELM GEORGES,CANGUILHEM G,
CAPUTO,CAPUTO J,checked paper
CAPUZZI,CAPUZZI F,
CARBONES MAURO,CARBONE M,
CARLL WHITE A,CARLLWHITE A,
CARLSON,CARLSON T,
CARMEAN JR EA,CARMEAN E,
KARNAP R,CARNAP R,
RUDOLF CARNAP,CARNAP R,
CAMEIRO SFB,CARNEIRO S,
CARR,CARR D,
CARRASCO ALEXANDRE DE OLIVEIRA TORRES,CARRASCODEOLIVEIRA A,
CARRILLO SALCEDO JUAN ANTONIO,CARRILLOSALCEDO J,
CARVALHO M JOELMA,CARVALHO J,
CASATI,CASATI R,
CASEY,CASEY E,
CASSEDY,CASSEDY S,
CASSIDY,CASSEDY S,
CASSEL EJ,CASSELL E,
CASSIER ERNST,CASSIRER E,
CASSIRER,CASSIRER E,
CASSIRER N,CASSIRER E,
KASIRER ERNST,CASSIRER E,
KASSIRER E,CASSIRER E,
CASSOU-NOGUES P,CASSOUNOGUES P,
CASSOUNOGUS P,CASSOUNOGUES P,
CASTORIADIS,CASTORIADIS C,
CATARZI,CATARZI M,
CAVALLI SFORZA LL,CAVALLISFORZA L,
CAVEDON-TAYLOR D,CAVEDONTAYLOR D,
CERF,CERF W,
CHAKKA LAKAL SILVY,CHAKKALAKAL S,
DAVID JCHALMERS,CHALMERS D,
CHANG,CHANG C,checked reference
CHAVEZ BAEZ ROMAN ALEJANDRO,CHAVEZBAES R,
CHERNIAKOV A G,CHERNYAKOV A,
CHERNJAKOV AG,CHERNYAKOV A,
CHOMSKY,CHOMSKY N,
CHREIIEN JL,CHRETIEN J,
CHRETIEN,CHRETIEN J,
CHRUDZMINSKI ARKADIUSZ,CHRUDZIMSKI A,
CHUBAROVA IM,CHUBAROV I,
CHURCHILL,CHURCHILL J,
CHRUCHLAND P,CHURCHLAND P,
CHVATIK A KOL I,CHVATIK I,
CIARAMELLI CF,CIARAMELLI F,
CIARRAMELLI F,CIARAMELLI F,
CICERO DE NATURA DEORUM,CICERO,
CICERO MT,CICERO,
CIPOLETTI M S,CIPOLLETTI M,
CIVITA,CIVITA A,
CLAESGES L,CLAESGES U,
CLAUDEL,CLAUDEL P,
CLIFTON-SODERSTROM K,CLIFTONSODERSTROM K,
COBIAN MARIO TEODORO RAMIREZ,COBIANRAMIREZ M,
COBIAN MTR,COBIANRAMIREZ M,
COBIAN RAMIREZ,COBIANRAMIREZ M,
BAINBRIDGE COHEN B,COHEN B,
COHEN,COHEN H,
COHEN-LEVINAS D,COHENLEVINAS D,
COLLINGWOOD,COLLINGWOOD R,
COMPTE A,COMTE A,
CONDE SOTO F,CONDESOTO F,
CONILL-SANCHO J,CONILLSANCHO J,
CONKLIN,CONKLIN W,
CONRAD,CONRAD T,checked paper
CONRAD MARTIUS H,CONRADMARTIUS H,
CONRAD-MARTIUS H,CONRADMARTIUS H,
CONVIS JR CH,CONVIS C,
COOPER,COOPER D,
COSMANN,COSMANN P,
COSTA,COSTA V,checked paper
JEAN FRANCOIS COURTINE,COURTINE J,
COWIE,COWIE C,
CRAIGSLIST,CRAIGSLIST,???
CRRANE T,CRANE T,
CRENSHAW,CRENSHAW K,
CRESPO,CRESPO M,
CROSS,CROSS R,
CROWELL,CROWELL S,
GALT CROWELL S,CROWELL S,
CROWTHER,CROWTHER P,
CSIKSZENTMIHALYM,CSIKSZENTMIHALYI M,
CUBO UGARTE OSCAR,CUBOUGARTE O,
CUESTA ABAD NEL SUO J M,CUESTAABAD J,
CURRY G,CURRIE G,
CZERKAWSKI JOZEF,CZARKOWSKI J,
CZERKOWSKI JOZEF,CZARKOWSKI J,
DA BAGNOREGIO BONAVENTURA,DABAGNOREGIO B,
DA BUTI F,DABUTI F,
DA CAMARA J M B,DACAMARA J,
DA COSTA ANDRIOLLI DE BRITES,DACOSTA A,
D'ADDELFIO G,DADDELFIO G,
DAHRENDORF,DAHRENDORF R,
DAINTON,DAINTON B,
LAMA DALAI,DALAI LAMA,
DALEMBERT,DALEMBERT J,
MICHEL DALISSIER,DALISSIER M,
DAL LAGO A,DALLAGO A,
DALLE GRAVE RICCARDO,DALLEGRAVE R,
DALLMAYR,DALLMAYR F,
D ALLONNES M REVAULT,DALLONES M,
DAL MONTE DP,DALMONTE D,
D'ALOISIO-MONTILLA N,DALOISIOMONTILLA N,
D'AMBROSIO PJ,DAMBROSIO P,
DAN,DAN J,
CHARLES DANIEL,DANIEL C,checked paper
DANIEL EV,DANIEL V,
DA POS O,DAPOS O,
DA RE A,DARE A,
DARWALL,DARWALL S,
CHARLES DARWIN,DARWIN C,
DASGUPTA,DASGUPTA S,
BARBOSA DA SILVA A,DASILVA A,
DA SILVA CAD,DASILVA C,
DA SILVA J,DASILVA J,
DA SILVA J J,DASILVA J,
DA SILVA JJ,DASILVA J,
DA SILVA MP,DASILVA M,
DASTURE F,DASTUR F,
DASTUROVE F,DASTUR F,
DATUR F,DASTUR F,
DAUJOTYTE-PAKERIENE V,DAUJOTYTEPAKERIENE V,
DAUJOTYTEPAKERIV,DAUJOTYTEPAKERIENE V,
DAVIDSON,DAVIDSON D,
DONALD DAVIDSON,DAVIDSON D,
DAV IES M,DAVIES M,
BRET WDAVIS,DAVIS B,
DE PREESTER H,DE PREESTER H,
DE RIJK LAMBERTUS MARIE,DE RIJK L,
DE AGUIRRE EVA,DEAGUIRRE E,
DE ALMEIDA G,DEALMEIDA G,
DEALMEIDA,DEALMEIDA O,
DE ANDRADE AD,DEANDRADE A,
DE ANGELIS M,DEANGELIS M,
DE ARAUJO LUIS,DEARAUJO L,
DE ARMAS MAGANA D,DEARMAS M,
DE AZEVEDO S,DEAZEVEDO S,
DE BALBINBEHRMANN R,DEBALBINBEHRMANN R,
BALZAC HONORE DE,DEBALZAC H,
DE BALZAC H,DEBALZAC H,
DE BARROS J A,DEBARROS J,
DE BARROS MANOEL,DEBARROS M,
DE BARY E,DEBARY E,
DE BARY W THEODORE,DEBARY W,
BEAUVOIR,DEBEAUVOIR S,
BEAUVOIR D S,DEBEAUVOIR S,
BEAUVOIR S,DEBEAUVOIR S,
BEAUVOIR S DE,DEBEAUVOIR S,
BEAUVOIR SD,DEBEAUVOIR S,
BEAUVOIR SIMONE,DEBEAUVOIR S,
BEAUVOIR SIMONE DE,DEBEAUVOIR S,
DE BEAUVOIR S,DEBEAUVOIR S,
DE BEAUVOIR SIMONE,DEBEAUVOIR S,
DE BEAVOIR S,DEBEAUVOIR S,
BEISTEGUI M DE,DEBEISTEGUI M,
BEISTEGUI MIGUEL DE,DEBEISTEGUI M,
DE BEISTEGUI M,DEBEISTEGUI M,
DE BEISTEGUI MIGUEL,DEBEISTEGUI M,
DE BEISTEGUI MIQUEL,DEBEISTEGUI M,
DE BERGERAC CYRANO,DEBERGERAC C,
DE BIRAN M,DEBIRAN M,
DE BIRAN MAINE,DEBIRAN M,
DE BOER K,DEBOER K,
DE BOER MARTINUS C,DEBOER M,
DE BOER P A H,DEBOER P,
BOER DE,DEBOER T,
DE BOER T,DEBOER T,
DE BOER TH,DEBOER T,
DE BOER THEODORE,DEBOER T,
DE BOLLA P,DEBOLLA P,
DE BORNECQUE H,DEBORNECQUE H,
DE BRIGARD F,DEBRIGARD F,
BRUIN DE,DEBRUIN L,
DE BRUIN L,DEBRUIN L,
DE BRUIN LC,DEBRUIN L,
DE CALAN R,DECALAN R,
DE CAMPOS AUGUSTO,DECAMPOS A,
DE CARLI F,DECARLI F,
DE CARO M,DECARO M,
DE CARVALHO JM,DECARVALHO J,
DE CARVALHO JOSE MAURICIO,DECARVALHO J,
DE CERTEAU M,DECERTEAU M,
DE CERTEAU MICHEL,DECERTEAU M,
MICHEL DE CERTEAU,DECERTEAU M,
MICHEL DE CERTEAUS STUDY,DECERTEAU M,
CERVANTES,DECERVANTES M,
CERVANTES SAAVEDRA M DE,DECERVANTES M,
DE CHARDIN P T,DECHARDIN P,
DE CHARMS R,DECHARMS R,
DE CLARAVAL BERNARDO,DECLARAVAL B,
DE CLERCQ R,DECLERCQ R,
DE CONDILLAC E B,DECONDILLAC E,
DE CONDILLAC E BONNOT,DECONDILLAC E,
DE CONDILLAC ETIENNE BONNOT,DECONDILLAC E,
DE COOREBYTER V,DECOOREBYTER V,
DE COOREBYTER VINCENT,DECOOREBYTER V,
DE CORTE J,DECORTE J,
DE CRESCENZO GIOVANNI,DECRESCENZO G,
DE CROUSAZ JEANPIERRE,DECROUSAZ J,
DE CRUZ H,DECRUZ H,
DE DECKER B,DEDECKER B,
DE DUVE T,DEDUVE T,
DE DUVE THIERRY,DEDUVE T,
DE ELEY LOTHAR,DEELEY L,
DE FERDKIN S W,DEFERDKIN S,
DE FINETTI B,DEFINETTI B,
DE FLORES TOMAS,DEFLORES T,
DE FOCKERT JW,DEFOCKERT J,
DE FOLTER R J,DEFOLTER R,
DE GANDILLAC M,DEGANDILLAC M,
DE GANDILLAC MAURICE,DEGANDILLAC M,
MAURICE DE GANDILLAC IN THE ANNUAIRE DE LASSOCIATION DES ANCIENS ELEVES DE LECOLE NORMALE SUPERIEURE,DEGANDILLAC M,
DE GANDT F,DEGANDT F,
DE GANDT FRANCOIS,DEGANDT F,
DE GANT F,DEGANDT F,
DEGANDT,DEGANDT F,
DE GARDELLE V,DEGARDELLE V,
DE GAULTIER JULES,DEGAULTIER J,
DE GAYNESFORD MAXIMILIAN,DEGAYNESFORD M,
DE GELDER B,DEGELDER B,
DE GENNARO I,DEGENNARO I,
DE GENNARO L,DEGENNARO L,
DE GRAMONT J,DEGRAMONT J,
DE GREEF JAN,DEGREEF J,
DE GROOT A D,DEGROOT A,
DE GURBERT GP,DEGURBERT G,
DE HAAN S,DEHAANS S,
DE HARO A SERRANO,DEHARO A,
DE HARO AGUSTIN SERRANO,DEHARO A,
DE HARO AS,DEHARO A,
DE HARO SERRANO,DEHARO A,
DE HOOGE IE,DEHOOGE I,
JAEGER H,DEJAEGER H,
DE JAEGHER H,DEJAEGHER H,
DE JESUS P,DEJESUS P,
DE JONG J W,DEJONG J,
DE JOUVENEL B,DEJOUVENEL B,
DE KESEL MARC,DEKESEL M,
DE KOCK L,DEKOCK L,
DE KONING AJJ,DEKONING A,
DE KORT SR,DEKORT S,
DE LA BOETIE E,DELABOETIE E,
DE LA BOETIE ETIENNE,DELABOETIE E,
DE LA CADENA NB,DELACADENA N,
FRUTEAU DELACLOS FREDERIC,DELACLOS F,
DE LA CORTE LUIS,DELACORTE L,
HEME DE LACOTTE SUZANNE,DELACOTTE S,
DE LA CUESTA BENJUMEA CARMEN,DELACUESTA B,
DE LAET M,DELAET M,
DE LA FORGE L,DELAFORGE L,
DE LA FUENTE VT,DELAFUENTE V,
DE LA GARANDERIE A,DELAGARANDERIE A,
DE LAGUNA G A,DELAGUNA G,
DE LA HERA MARTINEZ J,DELAHERA M,
DELAMARREMARTY,DELAMARRE M,
DE LA MAZA LUIS MARIANO,DELAMAZA L,
DELAMAZA,DELAMAZA M,
DE LANCEY C,DELANCEY C,
DE LANDAZURI CO,DELANDAZURI C,
DE LARA F,DELARA F,
DE LARA FRANCISCO,DELARA F,
DEL ARCO J,DELARCO J,
DE LA RUBIA F J,DELARUBIA F,
DE LATOUR SG,DELATOUR S,
DE LAUNAY MARC,DELAUNAY M,
DE LAURENTIIS A,DELAURENTIIS A,
DE LAURENTIIS ALLEGRA,DELAURENTIIS A,
DE LAURETIS T,DELAURETIS T,
DE LA VALLEE POUSSIN L,DELAVALLEE P,
DEL CANO JMM,DELCANO J,
DEL CARMEN MARIA,DELCARMEN M,
DEL CARO A,DELCAROA,
DEL CUL A,DELCUL A,
DE LECEA RODRIGUEZ,DELECEA R,
DE LERNER RRP,DELERNER R,
DE DELEUZE G,DELEUZE G,
DELEUZC GILLES,DELEUZE G,
DELEUZE,DELEUZE G,
DELEUZE C,DELEUZE G,
DELEUZE G,DELEUZE G,
DELEUZE GILES,DELEUZE G,
DELEUZE GILLE,DELEUZE G,
DELEUZE GILLESFELIX GUATTARI,DELEUZE G,
DELEUZE J,DELEUZE G,
DELEUZE JILLES,DELEUZE G,
DELEZ G,DELEUZE G,
KAFKA,DELEUZE G,
DE LIBERA A,DELIBERA A,
DE LIBERA ALAIN,DELIBERA A,
DE LILLO D,DELILLO D,
DE LIMA ERICK C,DELIMA E,
DE LIMA MAG,DELIMA M,
DEL MINISTRO M,DELMINISTRO M,
DEL NOCE AUGUSTO,DELNOCE A,
DELPECHE LEONJACQUES,DELPECH L,
DEL RIO E,DELRIO E,
DEL RIO ELENA,DELRIO E,
DEL RIO R FERNANDEZLOMANA,DELRIOE,
DE LUBAC H,DELUBAC H,
DE LUBAC HENRI,DELUBAC H,
DE LYON IRENEO,DELYON I,
DE LYSER DYDIA,DELYSER D,
DE MAN PAUL,DEMAN P,
DE MANS,DEMAN P,
DE MANUEL VM,DEMANUEL V,
DE MARCHI PAOLA PREMOU,DEMARCHI P,
DE MARTINO B,DEMARTINO B,
DE MARTINO ERNESTO,DEMARTINO E,
DE MAUPASSANT G,DEMAUPASSANT G,
MAUPASSANT,DEMAUPASSANT G,
DE MAURO T,DEMAURO T,
DE MENESES KACG,DEMENESES K,
DE MENESES RDB,DEMENESES R,
MINGO RODRIGUEZ A M DE,DEMINGORODRIGUEZ A,
DE MONTAIGNE MICHEL,DEMONTAIGNE M,
DE MONTHERLANT HENRY,DEMONTHERLANT H,
DE MONTICELLI R,DEMONTICELLI R,
DE MONTICELLI ROBERTA,DEMONTICELLI R,
DE MOURA C A R,DEMOURA C,
DE MUL JOS,DEMUL J,
DE MURALT A,DEMURALT A,
DE MUTH SUSAN,DEMUTH S,
DE MUZAN MICHEL,DEMUZAN M,
DE NATOLE D,DENATOLE D,
DE NEGRI E,DENEGRI E,
DE NERVAL GERARD,DENERVAL G,
DE NEYS W,DENEYS W,
DE NIGRIS F,DENIGRIS F,
DANIEL DENNETT,DENNETT D,
DENNETT,DENNETT D,
DENNETT BC,DENNETT D,
DENNETT C D,DENNETT D,
DENNETT C DANIEL,DENNETT D,
DE NYS MARTIN,DENYS M,
DE NYS MJ,DENYS M,
DENYS,DENYS M,
DE OLANETA JOSE J,DEOLANETA J,
DE OLIVEIRA IV,DEOLIVEIRA I,
DE OLIVEIRA N,DEOLIVEIRA N,
DE OLIVEIRA RF,DEOLIVEIRA R,
DE OLIVEIRA ROBERTA PIRES,DEOLIVEIRA R,
CAMINHA DE IRAQUITAN OLIVEIRA,DEOLIVEIRAIRAQUITAN C,
DE PALMA V,DEPALMA V,
DE PAULO CJN,DEPAULO C,
DE PAZ O,DEPAZ O,
DEPRAZ PAR NATALIE,DEPRAZ N,
DE QUEIROZ M I C,DEQUEIROZ M,
DE QUINCEY THOMAS,DEQUINCEY T,
DE REBECQUE CONSTANT BH,DEREBECQUE C,
DE REGT H W,DEREGT H,
DE REGT HW,DEREGT H,
DE RIJK L M,DERIJK L,
DE RIVERA JOSEPH,DERIVERA J,
DE ROO N,DEROO N,
DE ROYAUMONT CAHIERS,DEROYAUMONT C,
DERIDA ZAK,DERRIDA J,
DERRIDA,DERRIDA J,
DERRIDA I,DERRIDA J,
DERRIDA VER J,DERRIDA J,
DERRIDA Z,DERRIDA J,
DERRIDA ZH,DERRIDA J,
ERRIDA J,DERRIDA J,
JACQUES D,DERRIDA J,
JACQUES DERRIDA,DERRIDA J,
JAQUES DERRIDA,DERRIDA J,
MYTHOLOGY WHITE,DERRIDA J,
AUBERT EMMANUEL DE SAINT,DESAINTAUBERT E,
AUBERT SAINT,DESAINTAUBERT E,
DE SAINT AUBERT E,DESAINTAUBERT E,
DE SAINT AUBERT EMMANUEL,DESAINTAUBERT E,
DE SAINTAUBERT E,DESAINTAUBERT E,
DE SAINTAUBERT EMMANUEL,DESAINTAUBERT E,
EMMANUEL DE SAINT AUBERT,DESAINTAUBERT E,
DESAINTEXPUERY A,DESAINTEXUPERY A,
DESAINTJUST ANTOINELOUIS,DESAINTJUST L,
DE SALAS J,DESALAS J,
DE SALES ANNE,DESALES A,
DE SANCTIS F P,DESANCTIS F,
DE SAN MARTIN J,DESANMARTIN J,
DESANTI TJ,DESANTI J,
DE SANTIS D,DESANTIS D,
DE SANTIS DANIELE,DESANTIS D,
DE SAUSSURE F,DESAUSSURE F,
DE SAUSSURE FERDINAND,DESAUSSURE F,
DESAUSSER F,DESAUSSURE F,
DESCARTES,DESCARTES R,
HALDANE,DESCARTES R,Descartes translator
DE SCHEPPER EIT,DESCHEPPER E,
DESIDERI,DESIDERI F,
DE SILVA HR,DESILVA H,
DESMOND,DESMOND W,
DE SOUSA LA,DESOUSA L,
DE SOUSA R,DESOUSA R,
DE SOUSA RONALD,DESOUSA R,
DE TIENNE ANDRE,DETIENNE A,
DE TOCQUEVILLE A,DETOCQUEVILLE A,
DE TOCQUEVILLE ALEXIS,DETOCQUEVILLE A,
DE TONI G A,DETONI G,
DE TONI GA,DETONI G,
DE UGALDE MARTIN,DEUGALDE M,
DE URBINA RICARDO S ORTIZ,DEURBINA R,
DE URBINA RICARDO SANCHEZ ORTIZ,DEURBINA R,
DE URBINA RSO,DEURBINA R,
DE URBINA SANCHEZ ORTIZ,DEURBINA R,
DE VECCHI F,DEVECCHI F,
DE VECCHI FRANCESCA,DEVECCHI F,
DE VIGNEMONT F,DEVIGNEMONT F,
DE VILLIERS J,DEVILLIERS J,
DE VINCENZIS F,DEVINCENZIS F,
DE VOS J,DEVOS J,
DE VOS LU,DEVOS L,
DE VRIES H,DEVRIES H,
DE VRIES HENT,DEVRIES H,
DEVRIES,DEVRIES H,
DE VRIES W,DEVRIES W,
DE WAAL C,DEWAAL C,
DE WAAL CORNELIS,DEWAAL C,
DE WAAL F,DEWAAL F,
DE WAAL F B,DEWAAL F,
DE WAAL F B M,DEWAAL F,
DE WAAL FBM,DEWAAL F,
DEWAAL,DEWAAL F,
DE WAEHLENS ALPHONSE,DEWAEHLENS A,
DE WAELHENS A,DEWAEHLENS A,
DE WAELHENS ALPHONSE,DEWAEHLENS A,
DEWHALENS A,DEWAEHLENS A,
ALPHONSE DE WAELHENS,DEWAELHENS A,
DEWAELHENS MA,DEWAELHENS A,
DE WARREN N,DEWARREN N,
DE WARREN NICHOLAS,DEWARREN N,
DE WARREN NICOLAS,DEWARREN N,
DEWEY,DEWEY J,
DE WINTER J,DEWINTER J,
DEWITTE VAJ,DEWITTE J,
DE WOLF T,DEWOLF T,
D'HONDT J,DHONDT J,
DHONDT SJ,DHONDT J,
DHONNT J,DHONDT J,
DI AMBRA RAFFAELLA,DIAMBRA R,
DIAZ ALVAREZ J M,DIAZALVAREZ J,
DIAZ ALVAREZ JESUS M,DIAZALVAREZ J,
DIAZ DIAZ GONZALO,DIAZDIAZ G,
DI BENEDETTO V,DIBENEDETTO V,
DI BETTY FRIEDAN,DIBETTY F,
DI BONA E,DIBONA E,
DI BRUZZONE D,DIBRUZZONE D,
DI CESARE D,DICESARE D,
DI COSMO R,DICOSMO R,
DIDIHUBERMANN,DIDIHUBERMANN G,
DIES,DIES A,
DI FAZIO C,DIFAZIO C,
DI FRANCESCO M,DIFRANCESCO M,
DI FRANCESCO MICHELE,DIFRANCESCO M,
DI GIORGI F,DIGIORGI F,
DI GIOVANNI G,DIGIOVANNI G,
DI GIOVANNI GEORGE,DIGIOVANNI G,
DI GREGORI M C,DIGREGORI M,
DI KNOX T M,DIKNOX T,
DI LORENZO PM,DILORENZO P,
DILTEY V,DILTHEY W,
DILTEY W,DILTHEY W,
DILTHEY,DILTHEY W,
DAVID A,DILWORTH D,
DAVID ADILWORTH,DILWORTH D,
DI MARTINO C,DIMARTINO C,
DI MAZZARELLA E,DIMAZZARELLA E,
DI MINO V,DIMINO V,
DI NUCCI E,DINUCCI E,
DIOGENES LAERTI,DIOGENES LAERTIUS,
LAERTIOS DIOGENES,DIOGENES LAERTIUS,
LAERTIUS DIOGENES,DIOGENES LAERTIUS,
LAERTOS DIOGENES,DIOGENES LAERTIUS,
DIOGENES OENOAN,DIOGENES OF OENOANDA,
DI PAOLO E,DIPAOLO E,
DI PAOLO E A,DIPAOLO E,
DI PAOLO EA,DIPAOLO E,
DI PAOLO EZEQUIEL A,DIPAOLO E,
DI PETTA G,DIPETTA G,
DI PIERRO E GONZALEZ,DIPIERRO E,
DI PIERRO EG,DIPIERRO E,
DI SAVERIO G,DISAVERIO G,
DI SIMPLICIO M,DISIMPLICIO M,
DOBKIN DE RIOS M,DOBKINDERIOS M,
DOBRYNIN DA,DOBRYNIN A,
DO CARMO IN,DOCARMO I,
DOERR-ZEGERS O,DOERRZEGERS O,
DOGEN,DOGENZENJI,
DOGEN ZENJI,DOGENZENJI,
DOMHOFF W G,DOMHOFF G,
DOMINGO MORATALLA A,DOMINGOMORATALLA A,
DOMINGO MORATALLA T,DOMINGOMORATALLA A,
H D HILDA DOOLITTLE,DOOLITTLE H,
DRR ZEGERS OTTO,DORRZEGERS O,
DOS REIS PIEDADE J I,DOSREIS P,
DOS SANTOS J H,DOSSANTOS J,
DOS SANTOS R,DOSSANTOS R,
DOS SANTOS V,DOSSANTOS V,
DOSTOEVSKI FM,DOSTOEVSKY F,
DOSTOEVSKIJ F M,DOSTOEVSKY F,
DOSTOEVSKU F,DOSTOEVSKY F,
DOSTOIEVSKI FIODOR,DOSTOEVSKY F,
DOSTOYEVSKY F,DOSTOEVSKY F,
DOSTOYEVSKY FM,DOSTOEVSKY F,
DOSTOYEVSKY FYODOR,DOSTOEVSKY F,
DOSTTOEVSKY F,DOSTOEVSKY F,
DRAY,DRAY W,
DREYFUS,DREYFUS H,
DREYFUS A,DREYFUS H,
DREYFUS D,DREYFUS H,
DREYFUS G,DREYFUS H,
DREYFUSS H,DREYFUS H,
DRUE TH,DRUE H,
DRUMMNOD J,DRUMMOND J,
DRUMMNOND J,DRUMMOND J,
DRUMMOND,DRUMMOND J,
DU BELLAY JOACHIM,DUBELLAY J,
DUBOIS MJ,DUBOIS J,
DU BOIS W E B,DUBOIS W,
DU BOIS WEB,DUBOIS W,
DU BOIS WILLIAM E B,DUBOIS W,
DU BOISS W E B,DUBOIS W,
ANDRE DU BOUCHET,DUBOUCHET A,
DUBROVSKII D I,DUBROVSKY D,
DUBROVSKII DI,DUBROVSKY D,
DUBROVSKIY D,DUBROVSKY D,
DU FEU M,DUFEU M,
DU GAY P,DUGAY P,
DUINTJER,DUINTJER O,checked aper
DUMMET M,DUMMETT M,
DUMMET MICHAEL,DUMMETT M,
DUMRNET MICHAEL,DUMMETT M,
DUPORTAIL,DUPORTAIL G,
DUPORTAIL FELIX,DUPORTAIL G,
DUPORTAILS GUYFELIX,DUPORTAIL G,
DURD'OVIC M,DURDOVIC M,
DU SAUTOY M,DUSAUTOY M,
DOSEN K,DUSING K,
DOSING DE KLAUS,DUSING K,
DOSING K,DUSING K,
DUSING,DUSING K,
DY-LIACCO V,DYLIACCO V,
DZIUBALSKAKOLACK,DZIUBALSKAKOLACZYK K,
EASTON,EASTON D,
ECKEHART,ECKHART M,
ECKEHART M,ECKHART M,
ECKHART MAITRE,ECKHART M,
MASTER ECKHART,ECKHART M,
EDDIE J,EDIE J,
EDIE,EDIE J,
EIBLEIBESFELDT,EIBLEIBESFELDT I,
EIGIER G,EIGLER G,
EISENSTEIN,EISENSTEIN S,
EL GRECO,EL GRECO,
GRECO EL,EL GRECO,
ELLIOT TS,ELIOT T,
ENGLEHARDT HT,ENGELHARDT H,
ENGELHARDT JR TRISTRAM H,ENGELHARDT T,
EPICURO,EPICURUS,
ERASME,ERASMUS,
ADRIAN ED,ESCUDERO J,
ADRIAN ESCLIDERO J,ESCUDERO J,
ADRIAN ESCUDERO J,ESCUDERO J,
ADRIAN ESCUDERO JESUS,ESCUDERO J,
ADRIAN J,ESCUDERO J,
ADRIAN JESUS,ESCUDERO J,
ESPINAL PREZ CRUZ ELENA,ESPINALPEREZ C,
ESPOSITIO C,ESPOSITO C,
EUBEN P,EUBEN J,
EUKLEIDES,EUCLID,
EURIPID,EURIPIDES,
EURIPIDES BAKCHANTKY,EURIPIDES,
FANONS FRANTZ,FANON F,
FARBER,FARBER M,
FEBRER BARAHONA ALBERO,FEBRERBARAHONA A,
FECHNEROVI T,FECHNEROVI T,
FELLMAN F,FELLMANN F,
FERENCZ-FLATZ C,FERENCZFLATZ C,
BEITES P FERNANDEZ,FERNANDEZBEITES P,
FERRATER J,FERRATERMORA J,
FERRATER MORA J,FERRATERMORA J,
FERRATER MORA JOSE,FERRATERMORA J,
MORA FERRATER,FERRATERMORA J,
FERREIRA,FERREIRA M,
FEUERBACH,FEUERBACH L,
FICHTE,FICHTE J,
JEAN FIESCHI,FIESCHI J,
FILIPOVIC LJILJANA,FILIPOVIC L,
FILIPOVYCH L,FILIPOVIC L,
FINDLAY,FINDLAY J,
FINDLEY JS,FINDLEY J,
FISHER,FISHER S,
CORRADI FIUMARA GEMMA,FIUMARI G,
FLAY,FLAY J,
FLEISCHACKER,FLEISCHACKER S,
FLORENSKII,FLORENSKY P,
FLORENSKII P,FLORENSKY P,
FLORENSKII PAVEL,FLORENSKY P,
FLORENSKIJ P,FLORENSKY P,
FLYNN,FLYNN T,
FODOR,FODOR J,
FLLESDAL D,FOLLESDAL D,
FOLLENDAL D,FOLLESDAL D,
FOLLESDALL D,FOLLESDAL D,
FONTANTA D,FONTANA D,
ELISABETH FORSTERNIETZSCHE,FORSTERNIETZSCHE E,
FOSTER,FOSTER K,
FAOUCAULT M,FOUCAULT M,
FOUCAULT,FOUCAULT M,
FOUCAULT PM,FOUCAULT M,
FOUCAULTS M,FOUCAULT M,
FOUCAULTSCLARIF M,FOUCAULT M,
FOUCUALT M,FOUCAULT M,
FRAGATA J,FRAGATA J,
FRAGATA SJ J,FRAGATA J,
FRANCK,FRANCK D,checked paper
FREGE,FREGE G,
FREGE F,FREGE G,
ERINNEM FREUD S,FREUD S,
FREUD,FREUD S,
FRIED,FRIED G,
FRIEDLAENDER P,FRIEDLANDER P,
MANFRED FRINGS WW I,FRINGS M,
LITERATUR FRITSCHE J,FRITSCHE J,
JEFFREY FROMAN WAYNE,FROMAN J,
FROMANN WAYNE,FROMAN W,
FUENTE-ALBA F,FUENTEALBA F,
FULDE HF,FULDA H,
FULFORD W,FULFORD K,
GADAMER,GADAMER H,
GADAMER G,GADAMER H,
GADAMER G G,GADAMER H,
GADAMERS,GADAMER H,
GADARNER H G,GADAMER H,
GADOMER HG,GADAMER H,
GEORGGADAMER H,GADAMER H,
GAHRN-ANDERSEN R,GAHRNANDERSEN R,
GALILEI G,GALILEO G,
GALILEI GALILEO,GALILEO G,
GALILEO,GALILEO G,
ALALGHER S,GALLAGHER S,
GALLAGHER,GALLAGHER S,
GALLAGHER D,GALLAGHER S,This was a typo in the original text
GALLAHER S,GALLAGHER S,
SHAUN G,GALLAGHER S,
GALLUP,GALLUP G,
JOSE GAOS D,GAOS J,
GARCES FERRER R,GARCESFERRER R,
GARCIA-ALANDETE J,GARCIAALANDETE J,
GARCIA ALONSO RAFAEL,GARCIAALONSO R,
GARCIA BACCA J D,GARCIABACCA J,
BARO MIGUEL GARCIA,GARCIABARO M,
GARCIA BARD M,GARCIABARO M,
GARCIA BARO M,GARCIABARO M,
GARCIA-BARO M,GARCIABARO M,
GARCIA CANCLINI N,GARCIACANCLINI N,
GARCIA GUAL C,GARCIAGUAL C,
GARCIA JARAMA J C,GARCIAJARAMA J,
LARA J E GARCIA,GARCIALARA J,
GARCIA LOPEZ J,GARCIALOPEZ J,
GARCIA LORCA FEDERICO,GARCIALORCA F,
GARCIA MORENTE M,GARCIAMORENTE M,
GARCIA NORRO J J,GARCIANORRO J,
GARCIA FJ OLMO,GARCIAOLMO F,
GARCIA PRADA O,GARCIAPRADA O,
GARCIA ROJO E,GARCIAROJO E,
GARRERA-TOLBERT N,GARRERATOLBERT N,
GARRIDO-MATURANO AE,GARRIDOMATURANO AE,
GARRIDO PERIN JUAN JOS,GARRIDOPERINAN J,
GARRIDOPERINNAN J J,GARRIDOPERINAN J,
GAWRONSKI EGALEMENT ALFRED,GAWRONSKI A,
GEERTH CLIFFORD,GEERTZ C,
GELVEN,GELVEN M,
GENIUIAS S,GENIUSAS S,
GEORGE,GEORGE P,
H GERLACH,GERLACH H,
GERT,GERT J,
GETHMANN GF,GETHMANN C,
GETHMANN K F,GETHMANN C,
GETHMANNS CF,GETHMANN C,
GEHIRN VERHALTEN,GIAMPIERI-DEUTSCH P,citing a book
GIAMPIERI-DEUTSCH P,GIAMPIERIDEUTSCH P,
GIAMPIERI P,GIAMPIERIDEUTSCH P,
GIBAS R W,GIBBS R,
GIBBS JR R W,GIBBS R,
GIBBS JR RAYMOND,GIBBS R,
GIBBS JR RAYMOND W,GIBBS R,
GIFFORD,GIFFORD L,
GILLET C,GILLETT C,
GILSON,GILSON E,
GIORGI B,GIORGI A,
GIUBIATO GJ,GIUBILATO G,
GLENDINNING,GLENDINNING S,
GLOVACKIBERNARDZ,GLOVACKIBERNARD Z,
GODDARD JC,GODARD J,
ERNST,GOETHE J,
GOETHE,GOETHE J,
GOETHE VON J W,GOETHE J,
GOICHONOVA AM,GOICHON A,
GOICOCHEA DP,GOICOECHEA D,
BRUCE GOLDSTEIN E,GOLDSTEIN B,
GOLDSTEIN,GOLDSTEIN J,
GOMEZ DE LA SERNA R,GOMEZDELASERNA R,
GOMEZ REDONDO FERNANDO,GOMEZREDONDO F,
GONDEK,GONDEK H,
GONZALEZ-CASTAN OL,GONZALEZCASTAN O,
GONZALEZDI PIERRO E,GONZALEZDIPIERRO E,
GONZALEZ FERNANDEZ ENRIQUE,GONZALEZFERNANDEZ E,
GONZALEZ GARCIA M,GONZALEZGARCIA M,
GONZALEZ GUARDIOLA J,GONZALEZGUARDIOLA J,
GONZALEZ GUARDIOLA JOAN,GONZALEZGUARDIOLA J,
GOODMAN,GOODMAN N,
GOODMANN N,GOODMAN N,
GORDONS LEWIS R,GORDON L,
GOROHOV V,GOROKHOV V,
GOSETTI-FERENCEI JA,GOSETTIFERENCEI JA,
GOSLING,GOSLING J,
GOULD,GOULD S,
GRAHAM,GRAHAM A,
GRANEL PAR GERARD,GRANEL G,
GRANEL,GRANEL G,
GRATTAN-GUINNESS I,GRATTANGUINNESS I,
JOHN GRAY,GRAY J,
GRAZIANO MSA,GRAZIANO A,
GREENBERG,GREENBERG C,
GREGORY OF NYSSA,GREGORY OF NYSSA,
GREIMAS J,GREIMAS A,
GRICE P,GRICE H,
GRICE PAUL,GRICE H,
GRIFFI THS D E,GRIFFITHS D,
GRISWOLD JR CHARLES L,GRISWOLD C,
GRUSH,GRUSH R,
GUNNELL,GUNNELL J,
GURVITCH,GURVITCH G,
GRUWITSCH A,GURWITSCH A,
GURSWITSCH A,GURWITSCH A,
GURWITSCH,GURWITSCH A,
GURWITCH A,GURWITSCH A,
GURWITCH ARON,GURWITSCH A,
GUYER,GUYER P,
HABERMANS J,HABERMAS J,
HABERMAS,HABERMAS J,
HABERMAS ZBJ,HABERMAS J,
KHABERMAS Y,HABERMAS J,
HADOT,HADOT P,
HALADEWICZ-GRZELAK M,HALADEWICZGRZELAK M,
HALL,HALL D,
HAMMER,HAMMER E,
HAND,HAND S,
HANNAY R ALASTAIR,HANNAY A,
HARRE SOWIE BEREITS R,HARRE R,
HARRIS B HENRY SILTON,HARRIS H,
HART,HART K,
HARTZ,HARTZ L,
HAWKINGS S W,HAWKING S,
MICHAEL HAYS K,HAYS M,
HECK JR RICHARD G,HECK R,
DEHEGEL,HEGEL G,
FRIEDRICH G W,HEGEL G,
GEGEL G,HEGEL G,
GEGEL G W F,HEGEL G,
GEGEL GVF,HEGEL G,
GWF HEGEL,HEGEL G,
HEGEL C,HEGEL G,
HEGEL F,HEGEL G,
HEGEL P,HEGEL G,
HEGEL SWF,HEGEL G,
HEGEL W,HEGEL G,
HEGEL WGF,HEGEL G,
WILHELM FRIEDRICH GEORG,HEGEL G,
WILHELM FRIEDRICH HEGEL GEORG,HEGEL G,
WILHELM G,HEGEL G,
HEGEL,HEGEL G,
HEGE,HEGEL G,
GESAMTAUSGABE,HEIDEGGER M,Heidegger's collected work
HAIDEGGER M,HEIDEGGER M,
HAYDEGGER M,HEIDEGGER M,
HDIEGGER M,HEIDEGGER M,
HEDEGGER M,HEIDEGGER M,
HEIDDEGER M,HEIDEGGER M,
HEIDEGEER MARTIN,HEIDEGGER M,
HEIDEGGEM,HEIDEGGER M,
HEIDEGGER,HEIDEGGER M,
HEIDEGGER B,HEIDEGGER M,
HEIDEGGER C,HEIDEGGER M,
HEIDEGGER CM,HEIDEGGER M,
HEIDEGGER GA,HEIDEGGER M,
HEIDEGGER H,HEIDEGGER M,
HEIDEGGER JM,HEIDEGGER M,
HEIDEGGER K,HEIDEGGER M,
HEIDEGGER PM,HEIDEGGER M,
HEIDEGGER SEIN,HEIDEGGER M,
HEIDEGGER SM,HEIDEGGER M,
HEIDEGGERA M,HEIDEGGER M,
HEIDEGGERS GA,HEIDEGGER M,
HEIDEGGERS M,HEIDEGGER M,
HEIDEGGERS MARTIN,HEIDEGGER M,
HEIDEGGR M,HEIDEGGER M,
HEIDGGER,HEIDEGGER M,
HEIDGGER M,HEIDEGGER M,
HELDEGGER M,HEIDEGGER M,
HIEDEGGER M,HEIDEGGER M,
ILEIDEGGER MARTIN,HEIDEGGER M,
MARTIN HEIDEGGER,HEIDEGGER M,
GRUNDPROBLEME PHANOM,HEIDEGGER M,
HAJDEGER MARTIN,HEIDEGGER M,
JAHRBUCH HEIDEGGER,HEIDEGGER M,
KHAIDEGER M,HEIDEGGER M,
KHAIDEGGER M,HEIDEGGER M,
KHAYDEGGER M,HEIDEGGER M,
LORCA TRADUCCION DE OSCAR,HEIDEGGER M,
HEIDEGGERM,HEIDEGGERM,
HEIDEGGERS,HEIDEGGERM,
HEISENEBRG W,HEISENBERG W,
HELD,HELD K,
HEMINGWAY,HEMINGWAY E,
HEMPELA HP,HEMPEL H,
HENDRIX,HENDRIX J,
HENGSTENBERG,HENGSTENBERG H,
HENNETTE VAUCHEZ STEPHANIE,HENNETTEVAUCHEZ S,
HEINRICH D,HENRICH D,
HEINRICH DIETER,HENRICH D,
HENRICHS DIETER,HENRICH D,
HENRY,HENRY M,
MICHEL HENRY,HENRY M,
HERAKLEITAS,HERACLITUS,
HERKAKLEITAS,HERACLITUS,
HERDER,HERDER J,
HERNANDEZ BORQUE F,HERNANDEZBORQUE F,
HERNANDEZ SANCHEZ D,HERNANDEZSANCHEZ D,
HERRERA RESTREPO DANIEL,HERRERARESTREPO D,
HERRERO HERNANDEZ F J,HERREROHERNANDEZ F,
DANIELE HERVIEULEGER,HERVIEULEGER D,
HESYCHIUS BATOS,HESYCHIUS,
HETERINGTON S,HETHERINGTON S,
HEYD,HEYD D,
HIDALGO TUNON ALBERTO,HIDALGOTUNON A,
HILDEBRADT HANSHAGEN,HILDEBRANDT H,
JR HILL THOMAS E,HILL T,
HINCHMAN,HINCHMAN L,
JAAKKO,HINTIKKA,
HINTIKKA J,HINTIKKA J,
HINTIKKA JAAKKO,HINTIKKA J,
HINTIKKA K J J,HINTIKKA J,
HINTIKKA MB,HINTIKKA J,
AKIRA HIRAKAWA,HIRAKAWA A,
HITCHCOK C,HITCHCOCK C,
HITCHINS C,HITCHENS C,
HDOGSON B,HODGSON B,
HODGSON,HODGSON P,
HOFFMEISTER,HOFFMEISTER J,
HOFFMEISTRA J,HOFFMEISTER J,
HOHL,HOHL H,
HOLDERLIN JCF,HOLDERLIN F,
AMY HOLLYWOOD STATES,HOLLYWOOD A,
HOLMES JR O W,HOLMES O,
HOLMES JR OLIVERW,HOLMES O,
HYMNS HOMERIC,HOMER,
HONNET AXEL,HONNETH A,
HONNETH,HONNETH A,
HOOKWAY,HOOKWAY C,
HOPKINS,HOPKINS B,
HORACIO,HORACE,
FORTHCOMING HORGAN T,HORGAN T,
HORGAN,HORGAN T,
HORAN,HORGAN T,
HORUJY S S,HORUZHY S,
HORUJY SS,HORUZHY S,
HORUZHIJ SS,HORUZHY S,
HUEMER,HUEMER M,
HUESCAR ANTONIO RODRIGUEZ,HUESCARRODRIGUEZ A,
HUGH ST VICTOR,HUGH OF ST VICTOR,
DAVID HUME,HUME D,
HUME,HUME D,
CARTESIANISCHE MEDIT,HUSSERL E,
DOK I HUA,HUSSERL E,
DOK III HUA,HUSSERL E,
EDMUND H,HUSSERL E,
EDMUND HUSSERL,HUSSERL E,
ERSTE PHILOSOPHIE,HUSSERL E,
GERARD,HUSSERL E,It's gerard/febre (or something) translation
GESAMMELTE WERKE,HUSSERL E,KRITISCHE IDEENGESCH
GUSSEL E,HUSSERL E,
GUSSERL,HUSSERL E,
GUSSERL E,HUSSERL E,
GUSSERL EK,HUSSERL E,
HHUSSERL E,HUSSERL E,
HUA,HUSSERL E,
HUA DOK,HUSSERL E,
HUA HUSSERL E,HUSSERL E,
HUA I,HUSSERL E,
HUA II,HUSSERL E,
HUA III,HUSSERL E,
HUA IV,HUSSERL E,
HUA IX,HUSSERL E,
HUA M,HUSSERL E,
HUA MAT,HUSSERL E,
HUA MAT I,HUSSERL E,
HUA MAT III,HUSSERL E,
HUA MAT V,HUSSERL E,
HUA MAT VII,HUSSERL E,
HUA MAT VIII,HUSSERL E,
HUA O,HUSSERL E,
HUA V,HUSSERL E,
HUA VI,HUSSERL E,
HUA VII,HUSSERL E,
HUA VII HUSSERL E,HUSSERL E,
HUA VIII,HUSSERL E,
HUA X,HUSSERL E,
HUA XI,HUSSERL E,
HUA XII,HUSSERL E,
HUA XIII,HUSSERL E,
HUA XIV,HUSSERL E,
HUA XIX,HUSSERL E,
HUA XLI,HUSSERL E,
HUA XLII,HUSSERL E,
HUA XV,HUSSERL E,
HUA XVI,HUSSERL E,
HUA XVII,HUSSERL E,
HUA XVIII,HUSSERL E,
HUA XXII,HUSSERL E,
HUA XXIII,HUSSERL E,
HUA XXIV,HUSSERL E,
HUA XXIX,HUSSERL E,
HUA XXV,HUSSERL E,
HUA XXVII,HUSSERL E,
HUA XXXI,HUSSERL E,
HUA XXXII,HUSSERL E,
HUA XXXIII,HUSSERL E,
HUA XXXIX,HUSSERL E,
HUA XXXV,HUSSERL E,
HUA XXXVI,HUSSERL E,
HUA XXXVIII,HUSSERL E,
HUADOK,HUSSERL E,
HUAMAT,HUSSERL E,
HUAMAT IV,HUSSERL E,
HUAMAT IX,HUSSERL E,
HUAMAT VIII HUSSERL E,HUSSERL E,
HUSEERL,HUSSERL E,
HUSERL E,HUSSERL E,
HUSSARL EDMUND,HUSSERL E,
HUSSEL E,HUSSERL E,
HUSSER E,HUSSERL E,
HUSSERI E,HUSSERL E,
HUSSERL,HUSSERL E,
HUSSERL B,HUSSERL E,
HUSSERL B EDMUND,HUSSERL E,
HUSSERL BE,HUSSERL E,
HUSSERL F,HUSSERL E,
HUSSERL H,HUSSERL E,
HUSSERL I,HUSSERL E,
HUSSERL K,HUSSERL E,
HUSSERL M,HUSSERL E,
HUSSERL N,HUSSERL E,
HUSSERL PN,HUSSERL E,
HUSSERL VE,HUSSERL E,
HUSSERL XXV E HUA,HUSSERL E,
HUSSERLE E,HUSSERL E,
HUSSERLIANA,HUSSERL E,
HUSSERLIANA I,HUSSERL E,
HUSSERLIANA III,HUSSERL E,
HUSSERLIANA IV,HUSSERL E,
HUSSERLIANA IX,HUSSERL E,
HUSSERLIANA X,HUSSERL E,
HUSSERLIANA XIV,HUSSERL E,
HUSSERLIANA XV,HUSSERL E,
HUSSERLIANA XVI,HUSSERL E,
HUSSERLIS E,HUSSERL E,
HUSSERLOVE O,HUSSERL E,
HUSSERLS,HUSSERL E,
HUSSERLS EDMUND,HUSSERL E,
HUSSFRI E,HUSSERL E,
HUSSNIN EDMUND,HUSSERL E,
HUSSSERL EDMUND,HUSSERL E,
HUUSERL,HUSSERL E,
IDEAS I,HUSSERL E,
IDEEN,HUSSERL E,
IDEEN I,HUSSERL E,
KHUSSERL E,HUSSERL E,
KRISIS,HUSSERL E,
KRISIS EUROPAISCHEN,HUSSERL E,
LOGISCHE UNTERSUCHUN,HUSSERL E,
MAT HUA,HUSSERL E,
MAT III HUA,HUSSERL E,
PHANTASIE,HUSSERL E,
IDEES DIRECTRICES PH,HUSSERL E,
MEDITATIONS CARTESIE,HUSSERL E,
HYPPOLITE,HYPPOLITE J,
HIPPOLYTE J,HYPPOLITE J,
IBN ARABI,IBN ARABI,
IBN TUFAYL MUHAMMAD IBNABD ALMALIK,IBN TUFAIL,
IJSSELING VS,IJSSELING S,
ILLESCAS NAJERA M,ILLESCASNAJERA M,
ILUNDAIN-AGURRUZA J,ILUNDAINAGURRUZA J,
IMBERTE CLAUDE,IMBERT C,
INGARDEN,INGARDEN R,
INGARDEN BR,INGARDEN R,
INTGARDEN R,INGARDEN R,
INGARDENA R,INGARDEN R,
MICHAEL INWOOD,INWOOD M,
IRENAEUS OF LYON,IRENAEUS,
JULIA IRIBARNE,IRIBARNE J,
IRRIGARAY L,IRIGARAY L,
ISAAC,ISAAC OF NINEVEH,
ISAACS,ISAACS S,
LZQUIERDO EJ,IZQUIERDO E,
JAKENDORFF R,JACKENDOFF R,
JAESCHKE,JAESCHKE W,
JAGENTOWICZ MILLS PATRICIA,JAGENTOWICZMILLS P,
JAIGERSCHMIDT ADELGUNDIS,JAGERSCHMIDT A,
JAKOBSON,JAKOBSON R,
JAKOWENKO B,JAKOVENKO B,
JAKOWENKO BORIS,JAKOVENKO B,
JAME W,JAMES W,
JAMES,JAMES W,
WILLIAM JAMES,JAMES W,
JANIQUAUD DOMINIQUE,JANICAUD D,
JANNICAUD DOMINIQUE,JANICAUD D,
JANOUGEK H,JANOUSEK H,
JARCZYK,JARCZYC G,
JARCZYK D,JARCZYC G,
JARCZYC G,JARCZYK G,
JARCYZK G,JARCZYK G,
JASPER,JASPERS K,
JASPERS,JASPERS K,
YASPERS K,JASPERS K,
JAY,JAY M,
MARC JEANNEROD,JEANNEROD M,
JEANROND,JEANROND W,
JIMENEZ MORENO LUIS,JIMENEZMORENO L,
JOHANSSOG,JOHANSSON G,Checked paper
JOHNSSON I,JOHANSSON I,checked paper
DAMASCUS,JOHN OF DAMASCUS,
JOHN DAMASCUS,JOHN OF DAMASCUS,
OF DAMASCUS JOHN,JOHN OF DAMASCUS,
JOHN STTHOMAS,JOHN OF ST THOMAS,
"CROSS JOHN OF THE	CROSS J",JOHN OF THE CROSS,
DE LA CROIX JEAN,JOHN OF THE CROSS,
JOHN OF THE CROSS,JOHN OF THE CROSS,
JOHN PAUL II,JOHN PAUL II,
JOHNSONS GALEN,JOHNSON G,
JONAS,JONAS H,
JONAS PHILOSOPHTE,JONAS H,
JONASOVE H,JONAS H,Russian declension
JONES,JONES A,"There's also a reference to a dictionary in this ""Jones""."
JOUMIER PAR LAURENT,JOUMIER L,
JULIA,JULIA V,
JUNG,JUNG C,
KACHERAUSKAS T,KACERAUSKAS T,
KALARIPARAMBAL T,KALARIPARAMBIL T,
KANDELSCHWARZJESSELL,KANDEL E,"First author of a book by Kandel, Schwarz and Jesell"
IMMANUEL KANT,KANT I,
KANT,KANT I,
KANT E,KANT I,
KANT EMMANUEL,KANT I,
KANT KANTAS I,KANT I,
KANT MANUEL,KANT I,
KANT PROBLEM METAPHY,KANT I,
KANTS,KANT I,
KANTT,KANT I,
KARIEL,KARIEL H,
KASHER,KASHER H,
KAUFMANN,KAUFMANN FE,
KAUFMANN FELIX,KAUFMANN FE,
KAUFMANN FRITZ,KAUFMANN FR,
JOHN KEATS,KEATS J,
KELLNER,KELLNER M,
KENNY,KENNY C,Courtney
KERR,KERR F,
KETTNER,KETTNER M,
KIERKEGAARD,KIERKEGAARD S,
KIERKEGAARDIAN A,KIERKEGAARD S,
KIERKEGAARDS,KIERKEGAARD S,
KIERKEGAARD BS,KIERKEGAARD S,
KIRKEGAARD S,KIERKEGAARD S,
KIMMERLE,KIMMERLE H,
BIN KIMURA,KIMURA B,
BINKIMURA,KIMURA B,
KINKAID J,KINCAID J,
KIRK,KIRK G,
KIRSCHNER,KIRSCHNER S,
KIRSCH D,KIRSH D,
KIESEL THEODORE,KISIEL T,
KIESIEL TH,KISIEL T,
KISIELS T,KISIEL T,
KLE PAUL,KLEE P,
KLEIN,KLEIN K,
KLEINTE,KLEIN T,
ANCHE MKLINE,KLINE M,
KNABENSCHUH DE PORTA SABINE,KNABENSCHUH S,
KNOX,KNOX T,
KOCH KRISTOF,KOCH C,
KOCHPIETTRE VOIR RENEE,KOCHPIETTRE R,
KOFKA K,KOFFKA K,
KOEHLER W,KOHLER W,
KOLHER W,KOHLER W,
KOLMOGOROFF A,KOLMOGOROV A,
KOLNAIS,KOLNAIS,Not on references
KON SPRUL BLO GROS MTHA YAS,KONGTRUL J,
KOSKEY JEFFERY,KOSKY J,
KOSKY,KOSKY J,
KRAFT,KRAFT J,
KREIS,"KREIS, G",
DAVID FKRELL,KRELL D,
KRELL DK,KRELL DK,
KREMER MARIETTI A,KREMERMARIETTI A,
KRESS,KRESS P,
KRIEGEL,KRIEGEL U,
KRIJNEN ,KRIJNEN C,
KRIKPE S,KRIPKE S,
KRONER,KRONER R,
KRUGLANSAW,KRUGLANSKI A,
KUJAWSKI,KUJAWSKI G,
LA BARRE W,LABARRE W,
LABARRIER PJ,LABARRIERE P,
LABARRIERE DJ,LABARRIERE P,
LABARRIERE JP,LABARRIERE P,
LABARRIERRE PJ,LABARRIERE P,
LABRRIERE PJ,LABARRIERE P,
LA BERGE S,LABERGE S,
JACQUES LACAN,LACAN J,
LACAN,LACAN J,
LA CAZE MARGUERITE,LACAZE M,
LACOSTE,LACOSTE J,
LACOUE LABARTHE PHILIPPE,LACOUELABARTHE P,
LACOUELABARTHA P,LACOUELABARTHE P,
LACOUELARBARTHE P,LACOUELABARTHE P,
LAFONT,LAFONT C,
LA FORGIA M,LAFORGIA M,
LAGA,LAGA C,
LA GUARDIA F,LAGUARDIA F,
LAIN ENTRALGO PEDRO,LAINENTRALGO P,
LAKOFF J,LAKOFF G,
LAMBERT,LAMBERT J,
LANCIANI,LANCIANI A,
LAND,LAND N,
LANDGRABE L,LANDGREBE L,
LANDGREBE,LANDGREBE L,
LANDGREBE SL,LANDGREBE L,
LANDGREBL,LANDGREBE L,
LANDGREDE L,LANDGREBE L,
LUDWIG LANDGREBE,LANDGREBE L,
LANDSHUT,LANDSHUT S,
LANGLE DE PAZ T,LANGLEDEPAZ T,
LANGLE DE PAZ TERESA,LANGLEDEPAZ T,
LAPLANCHE,LAPLANCHE J,
LAPSHIN,LAPSHIN I,
LA ROCCA CLAUDIO,LAROCCA C,
LA ROCHEFOUCAULD F,LAROCHEFOUCAULD F,
LA TORRE M,LATORRE M,
LAUER,LAUER G,
AUN H,LAUN H,
LA VALLEE POUSSIN LOUIS DE,LAVALLEPOUSSIN L,
LE CORBUSIER,LE CORBUSIER,
LEAR COMPARE JONATHAN,LEAR J,
LE BIANIC THOMAS,LEBIANIC T,
LE BIHAN SOAZIG,LEBIHAN S,
LE BLANC G,LEBLANC G,
LE BLANC GUILLAUME,LEBLANC G,
LE BON G,LEBON G,
LE BON GUSTAVE,LEBON G,
LE BOT MARC,LEBOT M,
LE BOULLUEC A,LEBOULLUEC A,
LE BOULLUEC ALAIN,LEBOULLUEC A,
LE BRETON D,LEBRETON D,
LE BRETON DAVID,LEBRETON D,
CORBUSIER L,LECORBUSIER,
CORBUSIER LE,LECORBUSIER,
LE DOEUF MICHELE,LEDOEUFF M,
LE DOEUFF MICHE,LEDOEUFF M,
LE DOEUFF MICHELE,LEDOEUFF M,
MICHEL LEFEUVRE,LEFEUVRE M,
LE GOFF JAQUES,LEGOFF J,
LE GUERN M,LEGUERN M,
LEIBNEZ G W,LEIBNIZ G,
LEIBNITS GV,LEIBNIZ G,
LEIBNIZ,LEIBNIZ G,
LEIBNIZ F W,LEIBNIZ G,
LE MAGNEN J,LEMAGNEN J,
LE MAISTRE C,LEMAISTRE C,
LE MOIGNE J,LEMOIGNE J,
LE MOIGNE J L,LEMOIGNE J,
LE MOIGNE JL,LEMOIGNE J,
LE MOLI A,LEMOLI A,
LENIN WI,LENIN V,
LENINE VLADIMIR ILITCH,LENIN V,
LENINS,LENIN V,
LE POIDEVIN R,LEPOIDEVIN R,
LE POIDEVIN RD,LEPOIDEVIN R,
LE POIDEVIN ROBERT,LEPOIDEVIN R,
LE POIDEVIN ROBIN,LEPOIDEVIN R,
LE QUITTE SAMUEL,LEQUITTE S,
LE RIDER J,LERIDER J,
LE VAN QUYEN M,LEVANQUYEN M,
LE VAN QUYEN MICHEL,LEVANQUYEN M,
ECRIT,LEVINAS E,
ELVINAS E,LEVINAS E,
EMMANUEL L,LEVINAS E,
EMMANUEL LEVINAS,LEVINAS E,
EMMANYUEL LEVINAS PU,LEVINAS E,
EXISTENCE EXISTENTS,LEVINAS E,Levinas' book
LEVINA,LEVINAS E,
LEVINA E,LEVINAS E,
LEVINAS,LEVINAS E,
LEVINAS H,LEVINAS E,
LEVINAS I,LEVINAS E,
LEVINAS L,LEVINAS E,
LEVINAS V,LEVINAS E,
LEVINASS,LEVINAS E,
LEVINTAS EMMANUEL,LEVINAS E,
LEVJNAS E,LEVINAS E,
LIVINAS,LEVINAS E,
LENGER HJ EMMANUEL LEVINAS,LEVINAS E,
LVISTRAUSS CLAUDE,LEVISTRAUS C,
LEVI STRAUSS CLAUDE,LEVISTRAUSS C,
LEVI STROS KLOD,LEVISTRAUSS C,
LEVISRAUSS,LEVISTRAUSS C,
LEVISTRAUSS,LEVISTRAUSS C,
LEVISTRAUSS C,LEVISTRAUSS C,
LEVISTRAUSS CLAUDE,LEVISTRAUSS C,
LEVISTROS K,LEVISTRAUSS C,
LEVISTROS KLOD,LEVISTRAUSS C,
LEVY BRUHL L,LEVYBRUHL L,
LEWIS,LEWIS C,
LIMIDO HEULOT P,LIMIDOHEULET P,
LIMIDO-HEULOT P,LIMIDOHEULET P,
LINCOLN PRESIDENT ABRAHAM,LINCOLN A,
DAVID C,LINDBERG D,
LINGIS,LINGIS A,
ARTHUR LITTLE SJ,LITTLE A,
LOHMANN,LOHMANN H,
LOHMAR,LOHMAR D,
LOHMAR BRUCE DIETER,LOHMAR D,
LOHMAR H D,LOHMAR D,
LOMAR D,LOHMAR D,
LONERGAN,LONERGAN B,
LONGEAUX JM,LONGNEAUX J,
LOPEZ QUINTAS ALFONSO,LOPEZQUINTAS A,
LOPEZ SAENZ C,LOPEZSAENZ M,
LOPEZ SAENZ M C,LOPEZSAENZ M,
LOPEZ SAENZ MA CARMEN,LOPEZSAENZ M,
LOPEZ SAENZ MARIA CARMEN,LOPEZSAENZ M,
LOPEZ SAENZ MARIA DEL CARMEN,LOPEZSAENZ M,
LOPEZ SAENZ MC,LOPEZSAENZ M,
LOPEZ SANEZ M C,LOPEZSAENZ M,
LOPEZ SMC,LOPEZSAENZ M,
LPEZ SENZ M CARMEN,LOPEZSAENZ M,
MAX LOREAU PARUS,LOREAU M,
LOSEV,LOSEV A,
LOSSKY,LOSSKY N,
LOSSKII N,LOSSKY N,
LOSSKIJ N,LOSSKY N,
LOSSKIJ NO,LOSSKY N,
LOTZE,LOTZE H,
LUKRECIJUS,LUCRETIUS,
LUFTS,LUFT S,
LUKACS,LUKACS G,
LUKICS G,LUKACS G,
LUKASIEWICZ,LUKASIEWICZ J,
LUNDGREN GOTHLIN EVA,LUNDGRENGOTHLIN E,
LUTHER,LUTHER M,
MARTIN LUTHER,LUTHER M,
LYOTARD,LYOTARD J,
LYSSENKO VG,LYSENKO V,
MACCOBY,MACCOBY E,
MAC CUMHAILL C,MACCUMHAILL C,
CYNTHIA,MACDONALD C,
MACHIAVEL,MACHIAVELLI N,
MACKAY,MACKAY D,
MAC LANE S,MACLANE S,
BRENT MADISON GARY,MADISON G,
MAGEE,MAGEE G,
MAKKREEL,MAKKREEL R,
CATHERINE MALABOU,MALABOU C,
MAMARDASHVILI,MAMARDASHVILI M,
MAMARDASVILI M,MAMARDASHVILI M,
MANGANS B,MANGAN B,
MARANDOLA JR EDUARDO,MARANDOLA E,
HERBERT MARCUSE,MARCUSE H,
MARIN AVILA E,MARINAVILA E,
MARIN AVILA ESTEBAN,MARINAVILA E,
JEAN LUC MARION,MARION J,
JEANLUC M,MARION J,
JEANLUC MARION,MARION J,
MARION,MARION J,
MARITAIN,MARITAIN J,
MARX,MARX K,
MARX CARL,MARX K,
ISTI,MARX K,Citing marx's writings in polish
KARL M,MARX K,
MARX P,MARX K,
MCLELLAN D,MARX K,
BROCK MASON M,MASON B,
MASPERO,MASPERO H,
MATTE BLANCO I,MATTEBLANCO I,
MATURANAH,MATURANA H,
MAXIMUS THE CONFESSOR,MAXIMUS THE CONFESSOR ,
MCDOWELL,MCDOWELL J,
MAC DOWELL J A,MCDOWELL J,
MAC DOWELL JA,MCDOWELL J,
MACDOWELL J,MCDOWELL J,
MCLNROY M,MCINROY M,
MCLNTYRE R,MCINTYRE R,
MEAD H G,MEAD G,
MEADS GH,MEAD G,
MEIERKHOLD,MEIERKHOLD V,
MEILLASSOUX,MEILLASSOUX Q,
MEINONG,MEINONG A,
MELERO DE LA TORRE MC,MELERODELATORRE M,
MELO NETO JOAO CABRAL DE,MELONETO J,
MENCIUS BOOK,MENCIUS ,
MENDOZA-CANALES R,MENDOZACANALES R,
MENENDEZ OBARRI ROBERTO,MENENDEZOBARRI R,
MENKE,MENKE C,
MERKLINGER,MERKLINGER P,
DEMAUSS,MERLEAUPONTY M,
MAURICE,MERLEAUPONTY M,
MAURICE MERLEAU PONTY,MERLEAUPONTY M,
MAURICE MERLEAUPONTY,MERLEAUPONTY M,
MAURICE MP,MERLEAUPONTY M,
MELEAUPONTY M,MERLEAUPONTY M,
MEREAUPONTY M,MERLEAUPONTY M,
MERELAUPONTY M,MERLEAUPONTY M,
MERLAUPONTY M,MERLEAUPONTY M,
MERLAUPONTY MAURICE,MERLEAUPONTY M,
MERLEAPONTY M,MERLEAUPONTY M,
MERLEAU M,MERLEAUPONTY M,
MERLEAU PONTY,MERLEAUPONTY M,
MERLEAU PONTY M,MERLEAUPONTY M,
MERLEAU PONTY MAURICE,MERLEAUPONTY M,
MERLEAU-PONTY M,MERLEAUPONTY M,
MERLEAUPOLITY M,MERLEAUPONTY M,
MERLEAUPONLY M,MERLEAUPONTY M,
MERLEAUPONRY M,MERLEAUPONTY M,
MERLEAUPONT IN PRESS,MERLEAUPONTY M,
MERLEAUPONT M,MERLEAUPONTY M,
MERLEAUPONTY,MERLEAUPONTY M,
MERLEAUPONTY CF,MERLEAUPONTY M,
MERLEAUPONTY M,MERLEAUPONTY M,
MERLEAUPONTY MARCEL,MERLEAUPONTY M,
MERLEAUPONTY MAURICE,MERLEAUPONTY M,
MERLEAUPONTY MJ,MERLEAUPONTY M,
MERLEAUPONTY MORICE,MERLEAUPONTY M,
MERLEAUPONTY MV,MERLEAUPONTY M,
MERLEAUPONTY SIEHE,MERLEAUPONTY M,
MERLEAUPONTY SORBONN,MERLEAUPONTY M,
MERLEAUPONTY ZM,MERLEAUPONTY M,
MERLEAUPONTY ZR MAURICE,MERLEAUPONTY M,
MERLEAUPONTYHO,MERLEAUPONTY M,
MERLEAUPONTYM,MERLEAUPONTY M,
MERLEAUPONTYY M,MERLEAUPONTY M,
MERLEAUPORITY MAURICE,MERLEAUPONTY M,
MERLEUPONTY M,MERLEAUPONTY M,
MERLOPONTI,MERLEAUPONTY M,
MERLOPONTI M,MERLEAUPONTY M,
MERLOPONTY M,MERLEAUPONTY M,
PERLEAUPONTY M,MERLEAUPONTY M,
PHENOMENOLOGY PERCEP,MERLEAUPONTY M,
PONTY M,MERLEAUPONTY M,
PONTY MAURICE MERLEAU,MERLEAUPONTY M,
PONTY MERLEAU,MERLEAUPONTY M,
PONTY MM,MERLEAUPONTY M,
MERLOPONTI MORIS,MERLEUAPONTY M,
MKHELMAN,MICHELMAN F,
MICHOTTE VAN DEN BERCK ALBERT,MICHOTTE A,
MICHOTTE VAN DEN BERK A,MICHOTTE A,
MILBANK,MILBANK J,
MILL DS,MILL J,
MILLAN PA,MILLANPUELLES A,
MILLER,MILLER A,
MIRO QUESADA F,MIROQUESADA F,
MISCHEL,MISCHEL T,
MISHIMA,MISHIMA Y,
MITCHELL,MITCHELL S,
MOFFIT,MOFFIT T,
EZHEGODNIK PO FENOME,MOLCHANOV V,сследования no феноменологии сознания. [Rese
MOLDENAUER EVA,MOLDENHAUER E,
MOLIERE,MOLIERE J,
MONTAIGNE,MONTAIGNE M,
MORAN,MORAN D,
MOREAU DE TOURS J J,MOREAUDETOURS J,
MORENO MARQUEZ CESAR,MORENOMARQUEZ C,
MORENO MRQUEZ CSAR,MORENOMARQUEZ C,
MORENO PESTANA JOSE LUIS,MORENOPESTANA J,
MORON ARROYO CIRIACO,MORON C,
IAIN MORRISON,MORRISON I,
GLENN RMORROW,MORROW G,
DANIEL D,MOSLEY D,
MOTROSCHILOVA NV,MOTROSHILOVA N,
MOTROSILOVA NV,MOTROSHILOVA N,
MOTROSILOVA VN,MOTROSHILOVA N,
MOUILLE JEANMARC,MOUILLIE J,
MUBI BRIGHENTI A,MUBIBRIGHENTI A,
MUOZ TERRON JOSE MARIA,MUNOZTERRON J,
MURPHY,MURPHY M,
MUSABEGOVICA SADUDINA,MUSABEGOVIC S,
A CORRECTION,NA,Not a reference
A LUDW U FREIB HA,NA,Association
AA VV,NA,Reference mat
AA XV,NA,Reference mat
AAVV,NA,"Spanish for ""Various Authors"""
ABTEILUNG Z,NA,Reference mat
ADDITIONALLY COATES,NA,Probably a mistake
AG FRANC PRESS,NA,Publisher
AKAD AUSGABE,NA,Akademie Ausgabe
ALCOHOLICS ANONYMOUS,NA,Association
ALTAYA BARCELONA,NA,Publisher
AM AC PED,NA,Academy
AM PSYCH ASS,NA,Academy
AM SOC AESTH PLAS,NA,Academy
AMERICAN HERITAGE DICTIONARY,NA,Reference
AMERICAN PSYCHIATRIC ASSOCIATION,NA,Association
AMERICAN PSYCHIATRIC ASSOCIATION APA,NA,Association
ANCORA,NA,Pretty sure it's not a name.
ANONYMOUS,NA,
APA,NA,Reference
ARDAVIN E E MERINO,NA,Two different authors
ASNE,NA,Association
ASPINALL FOUNDATION,NA,Association
AUFTRAG DES TERESIANISCHEN KARMELS IN DEUTSCHLAND DURCH DAS INTERNATIONALE EDITHSTEININSTITUT WURZBURG,NA,Association
B O,NA,What is this
BAYER STAATSB MUN,NA,It's a library
BBC RADIO,NA,It's the BBC
BCPSG,NA,??
BERNARD,NA,Couldn't find which bernard this was
BIBLE,NA,
BIBLIOGRAFIA AMERICAN PSYCHIATRIC ASSOCIATION APA,NA,
BIBLIOTHEQUE NATIONALE DE FRANCE DEPARTMENT OF MANUSCRIPTS,NA,
BIESE,NA,Couldn't find reference in the paper
BOSSES,NA,couldnt find on paper
BOSTON CHANGE PROCESS GROUP,NA,Group
BULLETIN DE LINSTITUT SUPERIEUR DE PHILOSOPHIE,NA,publication
CENTERS FOR DISEASE CONTROL AND PREVENTION CDC,NA,the CDC
CENTRO REGIONAL DE INFORMACAO DAS NACOES UNIDASUNRIC,NA,Association
CHANDOGYA UPANISAD,NA,"This is a text, not an author"
CHKLOVSKI,NA,couldn't find this
CHRONOS,NA,weird reference
CIYUAN,NA,dictionary
CMV,NA,
CNN,NA,
COLABORADORES DE WIKIPEDIA,NA,wikipedia
COLECTIVO DEL LIBRO DE LA SALUD DE LAS MUJERES DE BOSTON,NA,association
COLLECTIF,NA,association
COMMUNICATION EVOLUT,NA,Association?
CONSEJO ECONOMICO Y SOCIAL,NA,Association
COUNCIL OF THE EUROPEAN UNION,NA,
CRITICISM KANTIAN,NA,
DADO ORIGINARIO NIVE,NA,phrase in portuguese
DANISH COUNC EHT,NA,Association
DEP HLTH,NA,british department of health
DEPARTMENT FOR EDUCATION AND SKILLS DFES,NA,
DEPARTMENT OF HEALTH,NA,
DEPARTMENT OF HEALTH AND SOCIAL CARE,NA,
DERS,NA,I think these are abbreviations
DERS VGL,NA,I think these are abbreviations
DIELSKRANZ,NA,name for presocratic things
DROOG DESIGN,NA,a design company?
DSMIVTR,NA,depression test
DUDENREDAKTION H,NA,DICTIONARY
EAD,NA,?
EAST SUSSEX PUBLIC HEALTH DEPARTMENT,NA,
EM,NA,impossible to find
EMERICH,NA,Couldnt find on paper
EN VOGUE,NA,
ENCYCLOPAEDIA BRITAN,NA,
ENZYKLOPADIE PHILOSO,NA,
ESSAIS N,NA,
ESSAYS IN PHILOSOPHY,NA,
ESSAYS ON THE PHILOSOPHY OF JAAKKO HINTIKKALLA,NA,
ESTA FRASE INTRO HUS,NA,phrase
ESW,NA,pretty sure this is an abbreviation
EUR UN,NA,
FACULDADE DEHONIANA,NA,
FACULTAD DE FILOSOFIA Y LETRAS DE LA UNIVERSIDAD CENTRAL,NA,
FENOMENOLOGIYA I EE,NA,
FILOSOFYI FRANTSII,NA,
FM,NA,
FOR MENT CAP WELL,NA,
FRANCAISE NOUVELLE REVUE,NA,magazine
FREEDOM AM,NA,Arthur Miller Freedom to Write Lecture
GA,NA,
GENERAL SYSTEMS,NA,
GP,NA,
HARV MED SCH,NA,
HEGELS IDEALISM SATI,NA,
HEGELS PHILOS SUBJEC,NA,
HEIDEGGER HUSSERL,NA,
HUMAN RIGHTS WATCH,NA,
HUSSERL DELEUZE,NA,
IASP,NA,
ID,NA,
INTERDISZIPLINARE ARBEITSGEMEINSCHAFT TIERETHIK,NA,
INTERNATIONAL ASSOCIATION FOR THE PHILOSOPHY OF SPORT,NA,
INTERNATIONAL SOCIETY FOR PRESENCE RESEARCH ISPR,NA,
INTERNET MOVIE DATA,NA,
IRRATIONAL GAMES,NA,
KANTGESELLSCHAFT,NA,
KANTIAN HEIDEGGERS,NA,
LEUVEN HUSSERLARCHIV,NA,
LEUVEN M,NA,
LIVED BODY VS GENDER,NA,
NATIONAL CENTER FOR HEALTH STATISTICS,NA,
NATIONAL COLLABORATING CENTRE FOR MENTAL HEALTH UK,NA,
NATIONAL INSTITUTE FOR MENTAL HEALTH IN ENGLAND,NA,
NATIONAL INSTITUTE OF MENTAL HEALTH NIMH,NA,
NATIONAL INSTITUTE OF STANDARDS AND TECHNOLOGY IN U S DEPARTMENT OF COMMERCE,NA,
NIH,NA,
NORDRHEINWESTFALISCHEN AKADEMIE DER WISSENSCHAFTEN,NA,
OXF ENG DICT,NA,
RIC<DIPTHONG OE>UR PAUL,NA,
ROUTLEDGE,NA,
THE BOSTON CHANGE PROCESS STUDY GROUP,NA,
THE PEIRCE EDITION PROJECT,NA,
THE PHENOMENON OF LIFE,NA,
UNITED STATES CATHOLIC CONFERENCE,NA,
UNIVERSITE DE GRENOBLE,NA,
VATICAN COUNCIL II,NA,
WORK BASEDLEARNIN,NA,
WORLD COMMISSION ON ENVIRONMENT AND DEVELOPMENT,NA,
WORLD HEALTH ORGANIZATION,NA,
ZHAK DERRIDA V MOSKV,NA,
PPC,NA,
GORIZONT FENOMENOLOG,NA,JOURNAL
GUARDIAN THE,NA,
HARRIS,NA,
HELLENISTISCHEN MYST,NA,
HERMENEUTICS,NA,
HISTORY WRITING,NA,
JAANUS JAPANESE ARCHITECTURE AND ART NET USERS SYSTEM,NA,online dictionary
JACOBS,NA,
KATHA UPANISAD,NA,Upanisad text
LA MAISON DE METALLOS,NA,building
LAZARUS,NA,
LIBRARY TECHNOLOGY REPORTS,NA,Publication
LUCAN,NA,
M C,NA,
MANDUKYA UPANISAD,NA,
MARCEL,NA,
MCKEON WAS A PROFESSOR AT THE UNIVERSITY OF CHICAGO BUT HAD ALSO ADVISED UNESCO DURING THE YEARS,NA,
METAXU,NA,publication i think
METROPOLITAN NAHUM OF STRUMICA,NA,
NAGEL,NAGEL T,
NATASON M,NATANSON M,
NATORP,NATORP P,
NATORP B,NATORP P,
NATORP HP,NATORP P,
NENNON TH,NENON TH,
NENON,NENON TH,
FRIEDRICH NIETZSCHE,NIETZSCHE F,
NIETZSCHE,NIETZSCHE F,
NIETZSCHE E,NIETZSCHE F,
KITARB NISHIDA,NISHIDA K,
KITAREI NISHIDA,NISHIDA K,
KITARO N,NISHIDA K,
KITARO NISHIDA,NISHIDA K,
NIVISON,NIVISON D,
CH NORBERGSCHULZ,NORBERGSCHULZ C,
NOVALIS,NOVALIS,
FRIEDRICH VON HARDENBERG NOVALIS,NOVALIS,pseudonym
NOVALIS FRIEDRICH,NOVALIS,
NOVALIS FRIEDRICH VON HARDENBERG,NOVALIS,
MAURICE OC WALSHE,OCONNELLWALSHE M,
OLLMAN,OLLMAN B,
ORIGENE,ORIGEN,
ORIGENE VOIR,ORIGEN,
GASSET J,ORTEGAYGASSET J,
GASSET J ORTEGA Y,ORTEGAYGASSET J,
GASSET JO,ORTEGAYGASSET J,
GASSET JOSE ORTEGA Y,ORTEGAYGASSET J,
GASSET JOY,ORTEGAYGASSET J,
GASSET ORTEGA,ORTEGAYGASSET J,
ORTEGA,ORTEGAYGASSET J,
ORTEGA J,ORTEGAYGASSET J,
ORTEGA JOSE,ORTEGAYGASSET J,
ORTEGA V GASSET JOSE,ORTEGAYGASSET J,
ORTEGA Y GASSET J,ORTEGAYGASSET J,
ORTEGA Y GASSET JOSE,ORTEGAYGASSET J,
JOSE ORTEGA Y GASSET,ORTEGAYGASSET J,
CLAIRE HILL ORTIZ,ORTIZHILL C,
KENNT OTIS T,OTIS K,
ELISABETH PACHERIE,PACHERIE E,
PACI,PACI E,
GEOMETRICKEM DUCHU,PASCAL B,pascal's book
PASCAL,PASCAL B,
JAN PATOCKA,PATOCKA J,
JANPATOCKA,PATOCKA J,
PALOCKA J,PATOCKA J,
PATOCKOU J,PATOCKA J,
PATOEKA J,PATOCKA J,
PATOKA J,PATOCKA J,
PATOKA JAN,PATOCKA J,
KEGAN PAUL E R HUGHES PARA,PAUL K,
PAULUS,PAULUS H,
PEIRCE,PEIRCE C,
GARCIA PELAYO PEREZ,PEREZGARCIA P,
F PESS CO,PESSOA F,
PETITMENGINPEUGC,PETITMENGIN C,
PETITO J,PETITOT J,
PFANDER,PFANDER A,
PHILLIPSE H,PHILIPSE H,
PIAGET,PIAGET J,
DI G PIANA,PIANA G,
PICKSTOCK,PICKSTOCK C,
PINKARD,PINKARD T,
PINKART T,PINKARD T,
PIVECIC E,PIVCEVIC E,
PIVEVIC E,PIVCEVIC E,
PLANTINGA ,PLANTINGA A,
POLT ,POLT R,
FRANCIS,POPE FRANCIS,pope frnacis
POPPER R R,POPPER K,
DEPROUDHON V,PROUDHON P,
MARCEL PROUST,PROUST M,
ERICH,PRZYWARA E,
PYLUSHYN ZW,PYLYSHYN Z,
MICHAEL QUANTE,QUANTE M,
QUINE R,QUINE W,
QUINE V O,QUINE W,
QUINE VW,QUINE W,
KEBER E QUINONES,QUINONESKEBER E,
ELIZABETH RADCLIFFE,RADCLIFFE E,
RADL,RADL E,
RAHNER,RAHNER K,
RANG,RANG B,
DI S RAVAIOLI,RAVAIOLI S,
REINACH,REINACH A,
REINHOLD CL,REINHOLD K,
RESCHER,RESCHER N,
DE RICHIR CARTESIANISMO,RICHIR M,
MARC RICHIR,"RICHIR, M",
RICKERT,RICKERT H,
RICCEUR,RICOEUR P,
RICCEUR P,RICOEUR P,
RICCEUR PAR PAUL,RICOEUR P,
RICCEUR PAUL,RICOEUR P,
RICIUR P,RICOEUR P,
RICOEEUR PAUL,RICOEUR P,
RICOEUR,RICOEUR P,
PAUL RICCEUR,RICOUER R,
PAUL RICOEAUR,RICOUER R,
PAUL RICOEUR,RICOUER R,
PAUL RICOEUR P,RICOUER R,
RILKE,RILKE R ,
GONZALEZ RODRIGUEZARNAIZ GRACIANO R,RODRIGUEZARNAIZ G,
ROMANO,ROMANO C,
ROMBACH,ROMBACH H,
RORTY,RORTY R,
ROTY R,RORTY R,
ROSADOHADDOCK E G,ROSADOHADDOCK G,
ROSADOHADDOCK G,ROSADOHADDOCK G,
ROSENTAL,ROSENTAL S,
JEANJACQUES ROUSSEAU,ROUSSEAU J,
MORILLAS ALEJANDRO RUIZ,RUIZMORILLAS A,
BERTRAND RUSSELL,RUSSELL B,
RUSSON,RUSSON J,
RYLE,RYLE G,
EDWARD,SAID E,
BEING NOTHINGNESS,SARTRE J,
JEANPAUL SARTRE,SARTRE J,
SARTR Z,SARTRE J,
SARTR ZH  P,SARTRE J,
SARTR ZHP,SARTRE J,
SARTR ZP,SARTRE J,
SARTRE,SARTRE J,
SARTRE MERLEAUPONTY VIVANT,SARTRE J,
SARTRE P,SARTRE J,
SARTRE STATES,SARTRE J,
SARTRE ZJP,SARTRE J,
SARTRF JP,SARTRE J,
SASTRE JEAN PAUL,SARTRE J,
SATRE JP,SARTRE J,
SCHELER,SCHELER M,
SCHELER VON MARIA,SCHELER M,
SCHELLER MAX,SCHELER M,
SCHELLER MF,SCHELER M,
SHELER M,SCHELER M,
MAX SCHELER,SCHELER M,
SHELLING F V I,SCHELLING F,
SHELLING FVI,SCHELLING F,
WILHELM JOSEPH FRIEDRICH,SCHELLING F,
FRIEDRICH SCHILLER,SCHILLER F,
SCHILLER F,SCHILLER J,
SCHILLER FRIEDRICH,SCHILLER J,
SCHLEGEL A,SCHLEGEL A,
FRIEDRICH SCHLEIERMACHER,SCHLEIERMACHER F,
SCHLEIERRMACHER F,SCHLEIERMACHER F,
SCHLEIERMCHER FRIEDRICH,SCHLEIERRMACHER F,
ARTHUR,SCHOPENHAUER A,
CORREIA M F SA,SCHOPENHAUER A,"checked paper, cites schopenhauer"
SCHOPENHANUER A,SCHOPENHAUER A,
SCHOPENHAUER,SCHOPENHAUER A,
SCHOPENHAUER SA,SCHOPENHAUER A,
SOPENHAUER ARTUR,SCHOPENHAUER A,
SCHRAG,SCHRAG C,
SCHUHMAN K,SCHUHMANN K,
SCHUHMAN KARL,SCHUHMANN K,
SCHUHMANN R,SCHUHMANN K,
SCHUMANN K,SCHUHMANN K,
SCHUMANN KARL,SCHUHMANN K,
SCHUMMAN K,SCHUHMANN K,
SCHUETZ A,SCHUTZ A,
SCHUETZ ALFRED,SCHUTZ A,
SCHUTZ,SCHUTZ A,
ALFRED S,SCHÜTZ A,
JOHN R SEARLE,SEARLE J,
SEARLE,SEARLE J,
SEIGFRIED,SEIGFRIED C,
SEIGFRIED CHARLENE HADDOCK,SEIGFRIED C,
SEIGFRIED H,SEIGFRIED C,
SEXTUS,SEXTUS E,
EMPIRICUS SEXTUS,SEXTUS EMPIRICUS,
SHAWS SARAH,SHAW S,
SHEEHAM T,SHEEHAN T,
SHEEHANN T,SHEEHAN T,
SHEETJOHNSTONE M,SHEETSJOHNSTONE M,
SHEETS JOHNSTONE M,SHEETSJOHNSTONE M,
SHEETS-JOHNSTONE M,SHEETSJOHNSTONE M,
SHEETSJOHNSON MARLENE,SHEETSJOHNSTONE M,
SHEETSJOHNSTON M,SHEETSJOHNSTONE M,
SHEETSJOHNSTONE M,SHEETSJOHNSTONE M,
SHEETSJOHNSTONE MAXINE,SHEETSJOHNSTONE M,
SHEETSJOHSNTONE M,SHEETSJOHNSTONE M,
SHEETSJOHSTONE M,SHEETSJOHNSTONE M,
SHEETSJOHSTONE M S,SHEETSJOHNSTONE M,
ANNEMARI SHIMMEL,SHIMMEL A,
SHKLOVSKII,SHKLOVSKII V,
SHOCKEY R MATTHEW,SHOCKEY M,
SHOCKEY RM,SHOCKEY M,
SHOEMAKER,SHOEMAKER S,
AFONSKIY MONAKH SIMEON,SIMEON A,
SIMMEL,SIMMEL G,
SINNOTT-ARMSTRONG W,SINNOTTARMSTRONG W,
SINNOTTARMSTRONW,SINNOTTARMSTRONG W,
JAN SLABY,SLABY J,
ARGUABLY SLOTERDIJK,SLOTERDIJK P,
SLTERDIJK P,SLOTERDIJK P,
SMITH D W,SMITH DW,
SMITH D WOODRUFF,SMITH DW,
SMITH DAVID W,SMITH DW,
SMITH DAVID WOODRUFF,SMITH DW,
SMITH DW,SMITH DW,
WOODRUFF SMITH D,SMITH DW,
SOKOLOWSKI,SOKOLOWSKI R,
SOFOCLES,SOPHOCLES,
SPRENGLER O,SPENGLER O,
SPIEGELBERG,SPIEGELBERG H,
SPIEGELBH,SPIEGELBERG H,
SPIELBERG H,SPIEGELBERG H,
SPIELGELBERG H,SPIEGELBERG H,
DE SPINOZA BARUH,SPINOZA B,
SPINOZA,SPINOZA B,
ICHSTORUNG SPITZER M,SPRITZER M,
EDITH STEIN,STEIN E,
ERNILDO STEIN,STEIN E,
DAVID FSTRAUSS,STRAUSS D,
IPMUC,STRAWSON G,citation of a seminar by galen strawson
STUMPF,STUMPF C,
STUMPFS C,STUMPF C,
GIRARD ANNEHELENE SUAREZ,SUAREZ A,
ASSULAMI,SULAMI,
ANDO T,TADAO A,
ANDO TADAO,TADAO A,
TAINE,TAINE H,
JACQUES TAMINIAUX,TAMINIAUX J,
JUNICHIRO TANIZAKI,TANIZAKI J,
TILIH PAUL,TILLICH P,
TODE S,TODES S,
TOLSTOI L,TOLSTOY L,
TOLSTOI LEON,TOLSTOY L,
LOUVERTURE TOUSSAINT,TOUSSANT LOUVERTURE,
ARNEL TREVENA JUDY,TREVENA A,
TUGENDHADT E,TUGENDHAT E,
TUGENDHAT,TUGENDHAT E,
TUGENDHAT V ERNST,TUGENDHAT E,
TWARDOWSKI,TWARDOWSKI K,
TYE,TYE M,
MICHAEL TYE,TYE M,
TYMENIECKA,TYMIENIECKA A,
TYMIENIECKA,TYMIENIECKA A,
DE UNAMUNO MIGUEL,UNAMUNO M,
VALENZUELA-MOGUILLANSKY C,VALENZUELAMOGUILLANSKY C,
VALENZUELA MOGUILLANSKY CAMILA,VALENZUELAMOGUILLANSKY C,
VALLEGA-NEU D,VALLEGANEU D,
BREDA HLV,VANBREDA H,
BREDA L,VANBREDA H,
BREDA VAN HL,VANBREDA H,
BUREN JOHN VAN,VANBUREN J,
BERG JH VAN DEN,VANDENBERG J,
DEYK T A VAN,VANDEYK T,
GULICK R VAN,VANGULICK R,
GULICK VAN,VANGULICK R,
KERCKHOVEN G VAN,VANKERCKHOVEN G,
VARGA,VARGA P,
BEJARANO J C VARGAS,VARGASBEJARANO J,
BEJARANO JULIO VARGAS,VARGASBEJARANO J,
FERRAN I,VENDRELLFERRAN I,
FERRAN I VENDRELL,VENDRELLFERRAN I,
FERRAN INGRID VENDRELL,VENDRELLFERRAN I,
VERF,VERF V,
F VOLPI,VOLPI F,
BAADER FRANZ VON,VONBAADER F,
BALTHASAR,VONBALTHASAR H,
BALTHASAR HANS URS VON,VONBALTHASAR H,
BALTHASAR HUV,VONBALTHASAR H,
BERG VON N,VONBERG N,
BORODAJKEWYCS T VON,VONBORODAJKEWYCS T,
ENGELHARDT DIETRICH VON,VONENGELHARDT D,
FRITZ K VON,VONFRITZ K,
HERRMANN F W,VONHERRMANN F,
HERRMANN F W VON,VONHERRMANN F,
HERRMANN FRIEDRICH WILHELM VON,VONHERRMANN F,
HERRMANN FRIEDRICHWILHELM VON,VONHERRMANN F,
HERRMANN FVVON,VONHERRMANN F,
HERRMANN FW,VONHERRMANN F,
HERRMANN FW V,VONHERRMANN F,
HERRMANN FW VON,VONHERRMANN F,
HERRMANN FWV,VONHERRMANN F,
KHERRMANN F V,VONHERRMANN F,
VON HERMANN F W,VONHERRMANN F,
VON HERMANN FRIEDRICHWILHEM,VONHERRMANN F,
VON HERMANN FW,VONHERRMANN F,
VON HERRMANN F W,VONHERRMANN F,
VON HERRMANN FRIEDRICH WILHELM,VONHERRMANN F,
VON HERRMANN FRIEDRICHWILHELM,VONHERRMANN F,
VON HERRMANN FW,VONHERRMANN F,
VON HILDEBRAND D,VONHILDEBRAND D,
VON HILDEBRAND DIETFUCII,VONHILDEBRAND D,
VON HILDEBRAND DIETIUCH,VONHILDEBRAND D,
VON HILDEBRAND DIETRICH,VONHILDEBRAND D,
VON HILDEBRAND DIETRIUCH,VONHILDEBRAND D,
HOFMANNSTHAL H,VONHOFMANNSTHAL H,
HOFMANNSTHAL H VON,VONHOFMANNSTHAL H,
VON HOFMANNSTHAL HUGO,VONHOFMANNSTHAL H,
HUMBOLDT W,VONHUMBOLDT W,
VON HUMBOLDT W,VONHUMBOLDT W,
VONHUMBOLT V,VONHUMBOLDT W,
VYGOTSKIY LEV S,VYGOTSKY L,
MICHAEL WALZER,WALZER M,
CRAIG WATKINS SAMUEL,WATKINS S,
VITGENSHTEIN L,WITTGENSTEIN L,
VITGENSHTEYN L,WITTGENSTEIN L,
VITGENSTEINAS L,WITTGENSTEIN L,
WITGENSTEIN LUDWIG,WITTGENSTEIN L,
WITTGENSTEIN,WITTGENSTEIN L,
LUDWIG WD,WITTGENSTEIN L,
LUDWIG WITTGENSTEIN,WITTGENSTEIN L,
CARL WOLFGANG,WOLFGANG C,
ALLAN WOLTER OFM,WOLTER A,
WORDSWORTH,WORDSWORTH W,
WUNDT,WUNDT W,
WUNDT M,WUNDT W,
CODE CY JOANETTE,YVES J,
DAN ZAHAVI,ZAHAVI D,
DANZAHAVI,ZAHAVI D,
ZAHAVI,ZAHAVI D,
ZAHAVI CF D,ZAHAVI D,
ZAHLAVI D,ZAHAVI D,
ZEHAVI D,ZAHAVI D,
CALVO J M ZAMORA,ZAMORACALVO J,
ZIRMUNSKIJ V,ZHIRMUNSKY V,
ZIRMUNSKIS V,ZHIRMUNSKY V,
ZIMMERMAN M J,ZIMMERMAN MJ,
ZIRION A,ZIRION AQ,
ZIRION ANTONIO,ZIRION AQ,
ZIRION AQ,ZIRION AQ,
ZIRION Q,ZIRION AQ,
ZIRION QUIJANO A,ZIRION AQ,
ZIEK S,ZIZEK S,
ZIEK SLAVOJ,ZIZEK S,
ZIZEK SLAVOJ,ZIZEK S,
ZIZEK V SLAVOJ,ZIZEK S,
CASTRO DE ZUBIRI C,ZUBIRI X,
