ABELL,ABELL C
ABENSOR M,ABENSOUR M
ABOY CARLES G,ABOY CARLES G
ABRAM,ABRAM D
ABRAMS DE ERIKA,ABRAMS E
ABROMHEIT JOHN,ABROMEIT J
ADELGUNDIS JAEGERSCHMID OSBADELGUNDIS,ADELGUNDIS JAEGERSCHMID O
ADORNO,ADORNO T
AGAMBEN,AGAMBEN G
AGIS VILLAVERDE MARCELINO,AGIS VILLAVERDE M
AGUILERA VITA SERGIO,AGUILERA VITA S
AGUSTIN DE HIPONA SAN,AUGUSTINE
AHUMADA CRISTI M,AHUMADA CRISTI M
AIMOLA DAVIES A M,AIMOLA DAVIES A
AKIRA HIRAKAWA,HIRAKAWA A
ALAIN,ALAIN E
ALBERT CAMUS,CAMUS ALBERT
ALBERTRAZZI L,ALBERTAZZI L
ALCOFF,ALCOFF L
ALCOFFLM,ALCOFF L
ALEIDA ASSMANN,ASSMANN A
ALEIDA,ASSMANN A
ALES BELLO A,ALES BELLO A
ALES BELLO ANGELA,ALES BELLO A
ALESBELLO A,ALES BELLO A
ALEXADNER W,ALEXANDER W
ALFRED S,ALFRED SCHÜTZ
ALGHAZALI,ALGHAZALI A
ALLAN WOLTER OFM,WOLTER ALLAN
ALLES BELLO A,ALLES BELLO A
ALLMAN MJ,ALLMAN J
ALMOND,ALMOND P
ALPHONSE DE WAELHENS,DE WAELHENS A
ALVAREZ GOMEZ M,ALVAREZ GOMEZ M
ALVAREZ RAMIREZ WILLIAM,ALVAREZ RAMIREZ W
AMES,AMES R
AMY HOLLYWOOD STATES,HOLLYWOOD A
ANCHE MKLINE,KLINE M
ANDRE DU BOUCHET,DU BOUCHET A
ANKERSMIT,ANKERSMIT F
ANNEMARI SHIMMEL,SHIMMEL ANNEMARI
ANSCOMBE G,ANSCOMBE E
ANSCOMBE G E M,ANSCOMBE E
ANSCOMBE GEM,ANSCOMBE E
ANSCOMB GM,ANSCOMBE E
ANSELL PEARSON K,ANSELLPEARSON K
ANSELL PEARSON KEITH,ANSELLPEARSON K
ANSELM CANTERBU,ANSELM
ANSELM CANTERBURY,ANSELM
ANZALDUAS GLORIA,ANZALDUA G
APPIAH A,APPIAH K
AQINAS T,AQUINAS
AQUIN T,AQUINAS
AQUINAS ST THOMAS,AQUINAS
AQUINAS T,AQUINAS
AQUINAS THOMAS,AQUINAS
AQUINO T,AQUINAS
AQUINO TOMAS DE,AQUINAS
ARBELEZ CARDONA TERESA,ARBELEZ CARDONA T
ARBIB,ARBIB D
ARENDT,ARENDT H
ARENDT K,ARENDT H
ARENDT KHANNA,ARENDT H
ARENDTOVA H,ARENDT H
ARENDTOVA HANNAH,ARENDT H
ARENDTOVE HANNAH,ARENDT H
ARENT H,ARENDT H
ARGUABLY SLOTERDIJK,SLOTERDIJK P
ARISTOLE,ARISTOTLE
ARISTOTE,ARISTOTLE
ARISTOTEL,ARISTOTLE
ARISTOTELE,ARISTOTLE
ARISTOTELES,ARISTOTLE
ARISTOTELES M,ARISTOTLE
ARISTOTELIS,ARISTOTLE
ARISTOTLE,ARISTOTLE
ARISTOTLE  SACHS J,ARISTOTLE
ARITSOTEL,ARISTOTLE
ARMSTRONG,ARMSTRONG D
ARNAULD,ARNAULD A
ARRIAGA RODRIGUEZ J C,ARRIAGA RODRIGUEZ J
ARSTILA,ARSTILA V
ARTHUR,SCHOPENHAUER A
ARTHUR LITTLE SJ,LITTLE A
ASHBY W R,ASHBY R
ASHWORTH JR WILLIAM B,ASHWORTH W
ASSMANN VGL JAN,ASSMANN J
ASSULAMI,SULAMI
ASTHETIK GERNOT BOHME,BÖHME G
ATT<UMACRON>S NASRADDN,ADDIN N
ATTERTON,ATTERTON P
AUBERT EMMANUEL DE SAINT,DE SAINTAUBERT E
AUBERT SAINT,DE SAINTAUBERT E
AUDOIN ROUZEAU STEPHANE,AUDOINROUZEAU S
AUGUSTIN,AUGUSTINE
AUGUSTINE HIPPO,AUGUSTINE
AUGUSTINE SAINT,AUGUSTINE
AUGUSTINE ST,AUGUSTINE
AUGUSTINUS,AUGUSTINE
AUGUSTINUS AURELIUS,AUGUSTINE
AUSTIN,AUSTIN J
AUSTIN LJ,AUSTIN J
AVE LALLEMANT E,AVELALLEMANT E
AVENI,AVENI A
AVGUSTIN,AUGUSTINE
AVGUSTIN BLAZHENNY,AUGUSTINE
AYDEDE,AYDEDE M
AVICENA,AVICENNA
BA ALBAKI ROHI,BAALBAKI R
BAADER FRANZ VON,VON BAADER F
BABETTE B,BABICH B
BACHDARD,BACHDARD G
BACHEALRD G,BACHELARD G
BACHELARD,BACHELARD G
BAHTIN MIHAIL,BAKHTIN M
